1729176123.944886,163.173.228.225,syn_ack
1729176124.04778,163.173.228.225,syn_ack
1729176124.1505122,163.173.228.225,syn_ack
1729176124.2575068,163.173.228.225,syn_ack
1729176124.3622627,163.173.228.225,syn_ack
1729176124.4639168,163.173.228.225,syn_ack
1729176124.5688121,163.173.228.225,syn_ack
1729176124.6747985,163.173.228.225,syn_ack
1729176124.775631,163.173.228.225,syn_ack
1729176124.8814209,163.173.228.225,syn_ack
1729176124.9883535,163.173.228.225,syn_ack
1729176125.0935407,163.173.228.225,syn_ack
1729176125.2173336,163.173.228.225,syn_ack
1729176125.317702,163.173.228.225,syn_ack
1729176125.4228768,163.173.228.225,syn_ack
1729176125.5265043,163.173.228.225,syn_ack
1729176125.6363125,163.173.228.225,syn_ack
1729176125.7433865,163.173.228.225,syn_ack
1729176125.849853,163.173.228.225,syn_ack
1729176125.9672852,163.173.228.225,syn_ack
1729176126.071356,163.173.228.225,syn_ack
1729176126.179394,163.173.228.225,syn_ack
1729176126.296051,163.173.228.225,syn_ack
1729176126.400582,163.173.228.225,syn_ack
1729176126.5073142,163.173.228.225,syn_ack
1729176126.6125956,163.173.228.225,syn_ack
1729176126.7192814,163.173.228.225,syn_ack
1729176126.8211532,163.173.228.225,syn_ack
1729176126.9252272,163.173.228.225,syn_ack
1729176127.03136,163.173.228.225,syn_ack
1729176127.13714,163.173.228.225,syn_ack
1729176127.237608,163.173.228.225,syn_ack
1729176127.3564723,163.173.228.225,syn_ack
1729176127.4570687,163.173.228.225,syn_ack
1729176127.5628068,163.173.228.225,syn_ack
1729176127.668261,163.173.228.225,syn_ack
1729176127.7733622,163.173.228.225,syn_ack
1729176127.8757505,163.173.228.225,syn_ack
1729176127.978363,163.173.228.225,syn_ack
1729176128.0851548,163.173.228.225,syn_ack
1729176128.1912832,163.173.228.225,syn_ack
1729176128.2947922,163.173.228.225,syn_ack
1729176128.3976188,163.173.228.225,syn_ack
1729176128.5049124,163.173.228.225,syn_ack
1729176128.611473,163.173.228.225,syn_ack
1729176128.712893,163.173.228.225,syn_ack
1729176128.8217483,163.173.228.225,syn_ack
1729176128.9294283,163.173.228.225,syn_ack
1729176129.0329733,163.173.228.225,syn_ack
1729176129.140349,163.173.228.225,syn_ack
1729176129.2474375,163.173.228.225,syn_ack
1729176129.354762,163.173.228.225,syn_ack
1729176129.4621038,163.173.228.225,syn_ack
1729176129.577044,163.173.228.225,syn_ack
1729176129.6775815,163.173.228.225,syn_ack
1729176129.7822835,163.173.228.225,syn_ack
1729176129.889135,163.173.228.225,syn_ack
1729176129.994085,163.173.228.225,syn_ack
1729176130.0947356,163.173.228.225,syn_ack
1729176130.1991777,163.173.228.225,syn_ack
1729176130.3020854,163.173.228.225,syn_ack
1729176130.4049869,163.173.228.225,syn_ack
1729176130.509931,163.173.228.225,syn_ack
1729176130.6116378,163.173.228.225,syn_ack
1729176130.7152522,163.173.228.225,syn_ack
1729176130.8167741,163.173.228.225,syn_ack
1729176130.9218922,163.173.228.225,syn_ack
1729176131.0243857,163.173.228.225,syn_ack
1729176131.1286664,163.173.228.225,syn_ack
1729176131.2332137,163.173.228.225,syn_ack
1729176131.3398125,163.173.228.225,syn_ack
1729176131.4404342,163.173.228.225,syn_ack
1729176131.5434556,163.173.228.225,syn_ack
1729176131.6460145,163.173.228.225,syn_ack
1729176131.7492776,163.173.228.225,syn_ack
1729176131.8562865,163.173.228.225,syn_ack
1729176131.9568107,163.173.228.225,syn_ack
1729176132.061379,163.173.228.225,syn_ack
1729176132.1632087,163.173.228.225,syn_ack
1729176132.2691238,163.173.228.225,syn_ack
1729176132.370183,163.173.228.225,syn_ack
1729176132.4745758,163.173.228.225,syn_ack
1729176132.58131,163.173.228.225,syn_ack
1729176132.6883566,163.173.228.225,syn_ack
1729176132.7904432,163.173.228.225,syn_ack
1729176132.8918748,163.173.228.225,syn_ack
1729176133.0014775,163.173.228.225,syn_ack
1729176133.107891,163.173.228.225,syn_ack
1729176133.209876,163.173.228.225,syn_ack
1729176133.3129423,163.173.228.225,syn_ack
1729176133.4199395,163.173.228.225,syn_ack
1729176133.5270967,163.173.228.225,syn_ack
1729176133.6282527,163.173.228.225,syn_ack
1729176133.733028,163.173.228.225,syn_ack
1729176133.8409858,163.173.228.225,syn_ack
1729176133.9484947,163.173.228.225,syn_ack
1729176134.07053,163.173.228.225,syn_ack
1729176134.1798716,163.173.228.225,syn_ack
1729176134.286867,163.173.228.225,syn_ack
1729176134.3947954,163.173.228.225,syn_ack
1729176134.4974167,163.173.228.225,syn_ack
1729176134.6025999,163.173.228.225,syn_ack
1729176134.708291,163.173.228.225,syn_ack
1729176134.8102171,163.173.228.225,syn_ack
1729176134.9180677,163.173.228.225,syn_ack
1729176135.0206172,163.173.228.225,syn_ack
1729176135.1252818,163.173.228.225,syn_ack
1729176135.2283723,163.173.228.225,syn_ack
1729176135.331621,163.173.228.225,syn_ack
1729176135.4345448,163.173.228.225,syn_ack
1729176135.5371985,163.173.228.225,syn_ack
1729176135.6407688,163.173.228.225,syn_ack
1729176135.7461116,163.173.228.225,syn_ack
1729176135.852646,163.173.228.225,syn_ack
1729176135.9601614,163.173.228.225,syn_ack
1729176136.0670943,163.173.228.225,syn_ack
1729176136.1740248,163.173.228.225,syn_ack
1729176136.2795036,163.173.228.225,syn_ack
1729176136.3869798,163.173.228.225,syn_ack
1729176136.4943788,163.173.228.225,syn_ack
1729176136.6328185,163.173.228.225,syn_ack
1729176136.7343147,163.173.228.225,syn_ack
1729176136.8409243,163.173.228.225,syn_ack
1729176136.9482877,163.173.228.225,syn_ack
1729176137.0567036,163.173.228.225,syn_ack
1729176137.1636698,163.173.228.225,syn_ack
1729176137.2649646,163.173.228.225,syn_ack
1729176137.3698685,163.173.228.225,syn_ack
1729176137.4759905,163.173.228.225,syn_ack
1729176137.5828972,163.173.228.225,syn_ack
1729176137.6909337,163.173.228.225,syn_ack
1729176137.7976594,163.173.228.225,syn_ack
1729176137.903617,163.173.228.225,syn_ack
1729176138.009855,163.173.228.225,syn_ack
1729176138.1124513,163.173.228.225,syn_ack
1729176138.2177968,163.173.228.225,syn_ack
1729176138.319581,163.173.228.225,syn_ack
1729176138.4252906,163.173.228.225,syn_ack
1729176138.5274973,163.173.228.225,syn_ack
1729176138.632278,163.173.228.225,syn_ack
1729176138.7345636,163.173.228.225,syn_ack
1729176138.8374426,163.173.228.225,syn_ack
1729176138.9448266,163.173.228.225,syn_ack
1729176139.0461628,163.173.228.225,syn_ack
1729176139.1517334,163.173.228.225,syn_ack
1729176139.2586358,163.173.228.225,syn_ack
1729176139.360402,163.173.228.225,syn_ack
1729176139.4654093,163.173.228.225,syn_ack
1729176139.5717835,163.173.228.225,syn_ack
1729176139.6784818,163.173.228.225,syn_ack
1729176139.785206,163.173.228.225,syn_ack
1729176139.9306798,163.173.228.225,syn_ack
1729176140.0325348,163.173.228.225,syn_ack
1729176140.1395562,163.173.228.225,syn_ack
1729176140.247,163.173.228.225,syn_ack
1729176140.3482323,163.173.228.225,syn_ack
1729176140.456145,163.173.228.225,syn_ack
1729176140.5577736,163.173.228.225,syn_ack
1729176140.664581,163.173.228.225,syn_ack
1729176140.7673619,163.173.228.225,syn_ack
1729176140.8705485,163.173.228.225,syn_ack
1729176140.9734128,163.173.228.225,syn_ack
1729176141.0838027,163.173.228.225,syn_ack
1729176141.1842601,163.173.228.225,syn_ack
1729176141.290303,163.173.228.225,syn_ack
1729176141.3922193,163.173.228.225,syn_ack
1729176141.4957187,163.173.228.225,syn_ack
1729176141.601553,163.173.228.225,syn_ack
1729176141.7043517,163.173.228.225,syn_ack
1729176141.808794,163.173.228.225,syn_ack
1729176141.9128275,163.173.228.225,syn_ack
1729176142.0141873,163.173.228.225,syn_ack
1729176142.1180997,163.173.228.225,syn_ack
1729176142.220362,163.173.228.225,syn_ack
1729176142.327562,163.173.228.225,syn_ack
1729176142.43023,163.173.228.225,syn_ack
1729176142.5351708,163.173.228.225,syn_ack
1729176142.6468937,163.173.228.225,syn_ack
1729176142.762795,163.173.228.225,syn_ack
1729176142.8638067,163.173.228.225,syn_ack
1729176142.970894,163.173.228.225,syn_ack
1729176143.0766585,163.173.228.225,syn_ack
1729176143.182983,163.173.228.225,syn_ack
1729176143.2902782,163.173.228.225,syn_ack
1729176143.3975708,163.173.228.225,syn_ack
1729176143.4986615,163.173.228.225,syn_ack
1729176143.6028237,163.173.228.225,syn_ack
1729176143.7065423,163.173.228.225,syn_ack
1729182647.3201754,163.173.228.225,syn_ack
1729182647.4229038,163.173.228.225,syn_ack
1729182647.5257564,163.173.228.225,syn_ack
1729182647.6291356,163.173.228.225,syn_ack
1729182647.7316751,163.173.228.225,syn_ack
1729182647.8337228,163.173.228.225,syn_ack
1729182647.9370065,163.173.228.225,syn_ack
1729182648.0384943,163.173.228.225,syn_ack
1729182648.1412673,163.173.228.225,syn_ack
1729182648.2433417,163.173.228.225,syn_ack
1729182648.345884,163.173.228.225,syn_ack
1729182648.4503248,163.173.228.225,syn_ack
1729182648.5536451,163.173.228.225,syn_ack
1729182648.6566029,163.173.228.225,syn_ack
1729182648.7587736,163.173.228.225,syn_ack
1729182648.8614125,163.173.228.225,syn_ack
1729182648.9651616,163.173.228.225,syn_ack
1729182649.068179,163.173.228.225,syn_ack
1729182649.171506,163.173.228.225,syn_ack
1729182649.2735069,163.173.228.225,syn_ack
1729182649.3771198,163.173.228.225,syn_ack
1729182649.4802637,163.173.228.225,syn_ack
1729182649.5835013,163.173.228.225,syn_ack
1729182649.6868618,163.173.228.225,syn_ack
1729182649.789105,163.173.228.225,syn_ack
1729182649.8939295,163.173.228.225,syn_ack
1729182650.0518923,163.173.228.225,syn_ack
1729182650.154316,163.173.228.225,syn_ack
1729182650.2558994,163.173.228.225,syn_ack
1729182650.3599012,163.173.228.225,syn_ack
1729182650.4646974,163.173.228.225,syn_ack
1729182650.568295,163.173.228.225,syn_ack
1729182650.6706207,163.173.228.225,syn_ack
1729182650.7727103,163.173.228.225,syn_ack
1729182650.8752496,163.173.228.225,syn_ack
1729182650.976857,163.173.228.225,syn_ack
1729182651.0820253,163.173.228.225,syn_ack
1729182651.1844022,163.173.228.225,syn_ack
1729182651.287147,163.173.228.225,syn_ack
1729182651.3919842,163.173.228.225,syn_ack
1729182651.4950888,163.173.228.225,syn_ack
1729182651.5979056,163.173.228.225,syn_ack
1729182651.7072499,163.173.228.225,syn_ack
1729182651.8091915,163.173.228.225,syn_ack
1729182651.911989,163.173.228.225,syn_ack
1729182652.0150414,163.173.228.225,syn_ack
1729182652.117915,163.173.228.225,syn_ack
1729182652.2203648,163.173.228.225,syn_ack
1729182652.3254082,163.173.228.225,syn_ack
1729182652.4277852,163.173.228.225,syn_ack
1729182652.5313053,163.173.228.225,syn_ack
1729182652.6345015,163.173.228.225,syn_ack
1729182652.7370572,163.173.228.225,syn_ack
1729182652.8395898,163.173.228.225,syn_ack
1729182652.9424803,163.173.228.225,syn_ack
1729182653.0447178,163.173.228.225,syn_ack
1729182653.1598952,163.173.228.225,syn_ack
1729182653.2623694,163.173.228.225,syn_ack
1729182653.364297,163.173.228.225,syn_ack
1729182653.4681828,163.173.228.225,syn_ack
1729182653.5702581,163.173.228.225,syn_ack
1729182653.6746883,163.173.228.225,syn_ack
1729182653.7766633,163.173.228.225,syn_ack
1729182653.8801396,163.173.228.225,syn_ack
1729182653.9885504,163.173.228.225,syn_ack
1729182654.092004,163.173.228.225,syn_ack
1729182654.194457,163.173.228.225,syn_ack
1729182654.2979906,163.173.228.225,syn_ack
1729182654.4002888,163.173.228.225,syn_ack
1729182654.5025208,163.173.228.225,syn_ack
1729182654.6066751,163.173.228.225,syn_ack
1729182654.7095573,163.173.228.225,syn_ack
1729182654.8120375,163.173.228.225,syn_ack
1729182654.9226165,163.173.228.225,syn_ack
1729182655.0257971,163.173.228.225,syn_ack
1729182655.1308084,163.173.228.225,syn_ack
1729182655.2336302,163.173.228.225,syn_ack
1729182655.3355503,163.173.228.225,syn_ack
1729182655.443944,163.173.228.225,syn_ack
1729182655.547978,163.173.228.225,syn_ack
1729182655.649909,163.173.228.225,syn_ack
1729182655.7536414,163.173.228.225,syn_ack
1729182655.8566473,163.173.228.225,syn_ack
1729182655.9618258,163.173.228.225,syn_ack
1729182656.0636816,163.173.228.225,syn_ack
1729182656.1670616,163.173.228.225,syn_ack
1729182656.2691982,163.173.228.225,syn_ack
1729182656.3724704,163.173.228.225,syn_ack
1729182656.4749756,163.173.228.225,syn_ack
1729182656.577879,163.173.228.225,syn_ack
1729182656.6803746,163.173.228.225,syn_ack
1729182656.7836301,163.173.228.225,syn_ack
1729182656.886195,163.173.228.225,syn_ack
1729182656.9902358,163.173.228.225,syn_ack
1729182657.0935323,163.173.228.225,syn_ack
1729182657.1968567,163.173.228.225,syn_ack
1729182657.2999089,163.173.228.225,syn_ack
1729182657.4024978,163.173.228.225,syn_ack
1729182657.5041907,163.173.228.225,syn_ack
1729182657.6071663,163.173.228.225,syn_ack
1729182657.7100372,163.173.228.225,syn_ack
1729182657.8120341,163.173.228.225,syn_ack
1729182657.914537,163.173.228.225,syn_ack
1729182658.0178034,163.173.228.225,syn_ack
1729182658.119631,163.173.228.225,syn_ack
1729182658.2221365,163.173.228.225,syn_ack
1729182658.3256233,163.173.228.225,syn_ack
1729182658.4281516,163.173.228.225,syn_ack
1729182658.530177,163.173.228.225,syn_ack
1729182658.6337485,163.173.228.225,syn_ack
1729182658.7544413,163.173.228.225,syn_ack
1729182658.85781,163.173.228.225,syn_ack
1729182658.9608023,163.173.228.225,syn_ack
1729182659.0645723,163.173.228.225,syn_ack
1729182659.1674666,163.173.228.225,syn_ack
1729182659.2704434,163.173.228.225,syn_ack
1729182659.3759332,163.173.228.225,syn_ack
1729182659.4778793,163.173.228.225,syn_ack
1729182659.581166,163.173.228.225,syn_ack
1729182659.6849198,163.173.228.225,syn_ack
1729182659.7873247,163.173.228.225,syn_ack
1729182659.8899827,163.173.228.225,syn_ack
1729182659.9933987,163.173.228.225,syn_ack
1729182660.096483,163.173.228.225,syn_ack
1729182660.1995115,163.173.228.225,syn_ack
1729182660.3021324,163.173.228.225,syn_ack
1729182660.4042926,163.173.228.225,syn_ack
1729182660.507111,163.173.228.225,syn_ack
1729182660.6097035,163.173.228.225,syn_ack
1729182660.712332,163.173.228.225,syn_ack
1729182660.8158581,163.173.228.225,syn_ack
1729182660.917619,163.173.228.225,syn_ack
1729182661.024417,163.173.228.225,syn_ack
1729182661.1345332,163.173.228.225,syn_ack
1729182661.2418425,163.173.228.225,syn_ack
1729182661.3438048,163.173.228.225,syn_ack
1729182661.4459083,163.173.228.225,syn_ack
1729182661.5545623,163.173.228.225,syn_ack
1729182661.6584666,163.173.228.225,syn_ack
1729182661.762145,163.173.228.225,syn_ack
1729182661.8644996,163.173.228.225,syn_ack
1729182661.9667509,163.173.228.225,syn_ack
1729182662.0716596,163.173.228.225,syn_ack
1729182662.1752052,163.173.228.225,syn_ack
1729182662.298052,163.173.228.225,syn_ack
1729182662.4005651,163.173.228.225,syn_ack
1729182662.5023017,163.173.228.225,syn_ack
1729182662.6051261,163.173.228.225,syn_ack
1729182662.7091296,163.173.228.225,syn_ack
1729182662.812254,163.173.228.225,syn_ack
1729182662.9146998,163.173.228.225,syn_ack
1729182663.0176606,163.173.228.225,syn_ack
1729182663.1688824,163.173.228.225,syn_ack
1729182663.273372,163.173.228.225,syn_ack
1729182663.3773062,163.173.228.225,syn_ack
1729182663.4785771,163.173.228.225,syn_ack
1729182663.5815835,163.173.228.225,syn_ack
1729182663.6841424,163.173.228.225,syn_ack
1729182663.7882962,163.173.228.225,syn_ack
1729182663.8918786,163.173.228.225,syn_ack
1729182663.996038,163.173.228.225,syn_ack
1729182664.0983474,163.173.228.225,syn_ack
1729182664.2015653,163.173.228.225,syn_ack
1729182664.3041024,163.173.228.225,syn_ack
1729182664.4068754,163.173.228.225,syn_ack
1729182664.5097463,163.173.228.225,syn_ack
1729182664.6122596,163.173.228.225,syn_ack
1729182664.7154686,163.173.228.225,syn_ack
1729182664.8173645,163.173.228.225,syn_ack
1729182664.9195993,163.173.228.225,syn_ack
1729182665.0219858,163.173.228.225,syn_ack
1729182665.1254482,163.173.228.225,syn_ack
1729182665.2269692,163.173.228.225,syn_ack
1729182665.3306766,163.173.228.225,syn_ack
1729182665.4327667,163.173.228.225,syn_ack
1729182665.5355725,163.173.228.225,syn_ack
1729182665.6381068,163.173.228.225,syn_ack
1729182665.7420874,163.173.228.225,syn_ack
1729182665.8469172,163.173.228.225,syn_ack
1729182665.9492598,163.173.228.225,syn_ack
1729182666.0519662,163.173.228.225,syn_ack
1729182666.1544156,163.173.228.225,syn_ack
1729182666.258012,163.173.228.225,syn_ack
1729182666.3601758,163.173.228.225,syn_ack
1729182666.462222,163.173.228.225,syn_ack
1729182666.5659273,163.173.228.225,syn_ack
1729182666.668294,163.173.228.225,syn_ack
1729182666.771683,163.173.228.225,syn_ack
1729182666.8754108,163.173.228.225,syn_ack
1729182666.9781692,163.173.228.225,syn_ack
1729182667.0817838,163.173.228.225,syn_ack
1729182667.1847115,163.173.228.225,syn_ack
1729182667.285841,163.173.228.225,syn_ack
1729182667.392173,163.173.228.225,syn_ack
1729182667.4956017,163.173.228.225,syn_ack
1729182667.5982563,163.173.228.225,syn_ack
1729182667.7018974,163.173.228.225,syn_ack
1729182667.8040276,163.173.228.225,syn_ack
1729182667.9067447,163.173.228.225,syn_ack
1729182668.0090287,163.173.228.225,syn_ack
1729182668.11169,163.173.228.225,syn_ack
1729182668.214754,163.173.228.225,syn_ack
1729182668.3177822,163.173.228.225,syn_ack
1729182668.421769,163.173.228.225,syn_ack
1729182668.5245857,163.173.228.225,syn_ack
1729182668.6290896,163.173.228.225,syn_ack
1729182668.7734964,163.173.228.225,syn_ack
1729182668.8770037,163.173.228.225,syn_ack
1729182668.9814255,163.173.228.225,syn_ack
1729182669.08448,163.173.228.225,syn_ack
1729182669.1857657,163.173.228.225,syn_ack
1729182669.3360472,163.173.228.225,syn_ack
1729182669.4379141,163.173.228.225,syn_ack
1729182669.5423195,163.173.228.225,syn_ack
1729182669.6442983,163.173.228.225,syn_ack
1729182669.7491584,163.173.228.225,syn_ack
1729182669.8518693,163.173.228.225,syn_ack
1729182669.9542446,163.173.228.225,syn_ack
1729182670.0579233,163.173.228.225,syn_ack
1729182670.163532,163.173.228.225,syn_ack
1729182670.2658463,163.173.228.225,syn_ack
1729182670.3693082,163.173.228.225,syn_ack
1729182670.471376,163.173.228.225,syn_ack
1729182670.5757623,163.173.228.225,syn_ack
1729182670.6790266,163.173.228.225,syn_ack
1729182670.781694,163.173.228.225,syn_ack
1729182670.8848822,163.173.228.225,syn_ack
1729182670.9885364,163.173.228.225,syn_ack
1729182671.0926027,163.173.228.225,syn_ack
1729182671.194465,163.173.228.225,syn_ack
1729182671.2971997,163.173.228.225,syn_ack
1729182671.399731,163.173.228.225,syn_ack
1729182671.5027692,163.173.228.225,syn_ack
1729182671.6059399,163.173.228.225,syn_ack
1729182671.7080762,163.173.228.225,syn_ack
1729182671.8102207,163.173.228.225,syn_ack
1729182671.9142551,163.173.228.225,syn_ack
1729182672.016989,163.173.228.225,syn_ack
1729182672.118678,163.173.228.225,syn_ack
1729182672.2215307,163.173.228.225,syn_ack
1729182672.3252606,163.173.228.225,syn_ack
1729182672.4275632,163.173.228.225,syn_ack
1729182672.5308447,163.173.228.225,syn_ack
1729182899.9307487,163.173.228.225,syn_ack
1729182900.0376763,163.173.228.225,syn_ack
1729182900.142247,163.173.228.225,syn_ack
1729182900.2536693,163.173.228.225,syn_ack
1729182900.3653796,163.173.228.225,syn_ack
1729182900.470212,163.173.228.225,syn_ack
1729182900.5733895,163.173.228.225,syn_ack
1729182900.6765857,163.173.228.225,syn_ack
1729182900.7815826,163.173.228.225,syn_ack
1729182900.8866143,163.173.228.225,syn_ack
1729182900.9900324,163.173.228.225,syn_ack
1729182901.0927937,163.173.228.225,syn_ack
1729183016.559243,163.173.228.225,syn_ack
1729183016.662236,163.173.228.225,syn_ack
1729183016.7679234,163.173.228.225,syn_ack
1729183016.8712394,163.173.228.225,syn_ack
1729183016.9745102,163.173.228.225,syn_ack
1729183017.0836394,163.173.228.225,syn_ack
1729183017.2453082,163.173.228.225,syn_ack
1729183017.3580883,163.173.228.225,syn_ack
1729183017.4679213,163.173.228.225,syn_ack
1729183017.575694,163.173.228.225,syn_ack
1729183017.680682,163.173.228.225,syn_ack
1729183017.7845142,163.173.228.225,syn_ack
1729183017.8871891,163.173.228.225,syn_ack
1729183221.2950907,163.173.228.225,syn_ack
1729183221.4004397,163.173.228.225,syn_ack
1729183221.5044768,163.173.228.225,syn_ack
1729183221.606654,163.173.228.225,syn_ack
1729183221.712132,163.173.228.225,syn_ack
1729183221.8153965,163.173.228.225,syn_ack
1729183221.918006,163.173.228.225,syn_ack
1729183222.0201201,163.173.228.225,syn_ack
1729183222.1239557,163.173.228.225,syn_ack
1729183222.2289927,163.173.228.225,syn_ack
1729183222.3316765,163.173.228.225,syn_ack
1729183222.4339666,163.173.228.225,syn_ack
1729183222.5364192,163.173.228.225,syn_ack
1729183222.639006,163.173.228.225,syn_ack
1729183222.7427945,163.173.228.225,syn_ack
1729183222.8453639,163.173.228.225,syn_ack
1729183222.9498074,163.173.228.225,syn_ack
1729183223.0524526,163.173.228.225,syn_ack
1729183223.1545818,163.173.228.225,syn_ack
1729183223.2579384,163.173.228.225,syn_ack
1729183223.362208,163.173.228.225,syn_ack
1729183223.464405,163.173.228.225,syn_ack
1729183223.5666723,163.173.228.225,syn_ack
1729183223.6697006,163.173.228.225,syn_ack
1729183223.772189,163.173.228.225,syn_ack
1729183223.8766809,163.173.228.225,syn_ack
1729183223.981319,163.173.228.225,syn_ack
1729183224.082618,163.173.228.225,syn_ack
1729183224.1856534,163.173.228.225,syn_ack
1729183224.2880902,163.173.228.225,syn_ack
1729183224.389832,163.173.228.225,syn_ack
1729183224.492273,163.173.228.225,syn_ack
1729183224.5959616,163.173.228.225,syn_ack
1729183224.7002184,163.173.228.225,syn_ack
1729183224.8022425,163.173.228.225,syn_ack
1729183224.904162,163.173.228.225,syn_ack
1729183225.007739,163.173.228.225,syn_ack
1729183225.110721,163.173.228.225,syn_ack
1729183225.212903,163.173.228.225,syn_ack
1729183225.315892,163.173.228.225,syn_ack
1729183225.4178104,163.173.228.225,syn_ack
1729183225.5199575,163.173.228.225,syn_ack
1729183225.622769,163.173.228.225,syn_ack
1729183225.7271698,163.173.228.225,syn_ack
1729183225.8290343,163.173.228.225,syn_ack
1729183225.931718,163.173.228.225,syn_ack
1729183226.0330455,163.173.228.225,syn_ack
1729183226.1359942,163.173.228.225,syn_ack
1729183226.2388344,163.173.228.225,syn_ack
1729183226.342276,163.173.228.225,syn_ack
1729183226.4462194,163.173.228.225,syn_ack
1729183226.5485299,163.173.228.225,syn_ack
1729183226.6515095,163.173.228.225,syn_ack
1729183226.7535787,163.173.228.225,syn_ack
1729183226.8559408,163.173.228.225,syn_ack
1729183226.9615514,163.173.228.225,syn_ack
1729183227.0633152,163.173.228.225,syn_ack
1729183227.1668694,163.173.228.225,syn_ack
1729183227.2697654,163.173.228.225,syn_ack
1729183227.3716452,163.173.228.225,syn_ack
1729183227.4746425,163.173.228.225,syn_ack
1729183227.5763285,163.173.228.225,syn_ack
1729183227.679966,163.173.228.225,syn_ack
1729183227.7822394,163.173.228.225,syn_ack
1729183227.8852427,163.173.228.225,syn_ack
1729183227.9876664,163.173.228.225,syn_ack
1729183228.0905228,163.173.228.225,syn_ack
1729183228.193794,163.173.228.225,syn_ack
1729183228.2954812,163.173.228.225,syn_ack
1729183228.398733,163.173.228.225,syn_ack
1729183228.5014174,163.173.228.225,syn_ack
1729183228.603599,163.173.228.225,syn_ack
1729183228.706337,163.173.228.225,syn_ack
1729183228.8085375,163.173.228.225,syn_ack
1729183228.9113398,163.173.228.225,syn_ack
1729183229.0145156,163.173.228.225,syn_ack
1729183229.116589,163.173.228.225,syn_ack
1729183229.2200954,163.173.228.225,syn_ack
1729183229.321921,163.173.228.225,syn_ack
1729183229.4245207,163.173.228.225,syn_ack
1729183229.5269902,163.173.228.225,syn_ack
1729183229.6298683,163.173.228.225,syn_ack
1729183229.7321386,163.173.228.225,syn_ack
1729183229.8347363,163.173.228.225,syn_ack
1729183229.9364355,163.173.228.225,syn_ack
1729183230.0398386,163.173.228.225,syn_ack
1729183230.1419666,163.173.228.225,syn_ack
1729183230.2441854,163.173.228.225,syn_ack
1729183230.3485367,163.173.228.225,syn_ack
1729183230.4517045,163.173.228.225,syn_ack
1729183230.5535166,163.173.228.225,syn_ack
1729183230.6594617,163.173.228.225,syn_ack
1729183230.7619975,163.173.228.225,syn_ack
1729183230.864859,163.173.228.225,syn_ack
1729183230.9678645,163.173.228.225,syn_ack
1729183231.0703256,163.173.228.225,syn_ack
1729183231.17343,163.173.228.225,syn_ack
1729183231.2762895,163.173.228.225,syn_ack
1729183231.3784974,163.173.228.225,syn_ack
1729183231.4822867,163.173.228.225,syn_ack
1729183231.5849862,163.173.228.225,syn_ack
1729183231.6875706,163.173.228.225,syn_ack
1729183231.7894888,163.173.228.225,syn_ack
1729183231.8933635,163.173.228.225,syn_ack
1729183231.9984238,163.173.228.225,syn_ack
1729183232.101333,163.173.228.225,syn_ack
1729183232.2032323,163.173.228.225,syn_ack
1729183232.307441,163.173.228.225,syn_ack
1729183232.409795,163.173.228.225,syn_ack
1729183232.5131507,163.173.228.225,syn_ack
1729183232.6163578,163.173.228.225,syn_ack
1729183232.7182832,163.173.228.225,syn_ack
1729183232.820064,163.173.228.225,syn_ack
1729183232.9303553,163.173.228.225,syn_ack
1729183233.033772,163.173.228.225,syn_ack
1729183233.136026,163.173.228.225,syn_ack
1729183233.238409,163.173.228.225,syn_ack
1729183233.3407338,163.173.228.225,syn_ack
1729183233.4440022,163.173.228.225,syn_ack
1729183233.5477226,163.173.228.225,syn_ack
1729183233.6497855,163.173.228.225,syn_ack
1729183233.7523608,163.173.228.225,syn_ack
1729183233.8546863,163.173.228.225,syn_ack
1729183233.9604235,163.173.228.225,syn_ack
1729183234.0630674,163.173.228.225,syn_ack
1729183234.165716,163.173.228.225,syn_ack
1729183234.2684696,163.173.228.225,syn_ack
1729183234.3699253,163.173.228.225,syn_ack
1729183234.4736524,163.173.228.225,syn_ack
1729183234.5761442,163.173.228.225,syn_ack
1729183234.6795864,163.173.228.225,syn_ack
1729183234.781927,163.173.228.225,syn_ack
1729183234.8842955,163.173.228.225,syn_ack
1729183234.987428,163.173.228.225,syn_ack
1729183235.0893438,163.173.228.225,syn_ack
1729183235.1915236,163.173.228.225,syn_ack
1729183235.2945821,163.173.228.225,syn_ack
1729183235.3984256,163.173.228.225,syn_ack
1729183235.50111,163.173.228.225,syn_ack
1729183235.6061578,163.173.228.225,syn_ack
1729183235.708472,163.173.228.225,syn_ack
1729183235.8114889,163.173.228.225,syn_ack
1729183235.9148974,163.173.228.225,syn_ack
1729183236.0163622,163.173.228.225,syn_ack
1729183236.1190684,163.173.228.225,syn_ack
1729183236.2223504,163.173.228.225,syn_ack
1729183236.324789,163.173.228.225,syn_ack
1729183236.427551,163.173.228.225,syn_ack
1729183236.531479,163.173.228.225,syn_ack
1729183236.6336653,163.173.228.225,syn_ack
1729183236.737325,163.173.228.225,syn_ack
1729183236.840197,163.173.228.225,syn_ack
1729183236.9430478,163.173.228.225,syn_ack
1729183237.0471845,163.173.228.225,syn_ack
1729183237.149654,163.173.228.225,syn_ack
1729183237.2519279,163.173.228.225,syn_ack
1729183237.3536232,163.173.228.225,syn_ack
1729183237.455942,163.173.228.225,syn_ack
1729183237.559816,163.173.228.225,syn_ack
1729183237.662934,163.173.228.225,syn_ack
1729183237.7658718,163.173.228.225,syn_ack
1729183237.8682075,163.173.228.225,syn_ack
1729183237.9696724,163.173.228.225,syn_ack
1729183238.0736241,163.173.228.225,syn_ack
1729183238.1758952,163.173.228.225,syn_ack
1729183238.2801595,163.173.228.225,syn_ack
1729183238.3821425,163.173.228.225,syn_ack
1729183238.4842572,163.173.228.225,syn_ack
1729183238.5869603,163.173.228.225,syn_ack
1729183238.6890025,163.173.228.225,syn_ack
1729183238.792092,163.173.228.225,syn_ack
1729183238.9013207,163.173.228.225,syn_ack
1729183239.0057902,163.173.228.225,syn_ack
1729183239.1092212,163.173.228.225,syn_ack
1729183239.21257,163.173.228.225,syn_ack
1729183239.315179,163.173.228.225,syn_ack
1729183239.417153,163.173.228.225,syn_ack
1729183239.5198302,163.173.228.225,syn_ack
1729183239.6226068,163.173.228.225,syn_ack
1729183239.7257588,163.173.228.225,syn_ack
1729183239.8282008,163.173.228.225,syn_ack
1729183239.9314137,163.173.228.225,syn_ack
1729183240.0339289,163.173.228.225,syn_ack
1729183240.1356642,163.173.228.225,syn_ack
1729183240.2378573,163.173.228.225,syn_ack
1729183240.341562,163.173.228.225,syn_ack
1729183240.4448705,163.173.228.225,syn_ack
1729183240.5480993,163.173.228.225,syn_ack
1729183240.6505692,163.173.228.225,syn_ack
1729183240.7530205,163.173.228.225,syn_ack
1729183240.8552332,163.173.228.225,syn_ack
1729183240.959344,163.173.228.225,syn_ack
1729183241.0621638,163.173.228.225,syn_ack
1729183241.165314,163.173.228.225,syn_ack
1729183241.2680895,163.173.228.225,syn_ack
1729183241.369458,163.173.228.225,syn_ack
1729183241.4730778,163.173.228.225,syn_ack
1729183241.575849,163.173.228.225,syn_ack
1729183241.6779509,163.173.228.225,syn_ack
1729183241.7810788,163.173.228.225,syn_ack
1729183241.8839052,163.173.228.225,syn_ack
1729183241.9858723,163.173.228.225,syn_ack
1729183242.0893683,163.173.228.225,syn_ack
1729183242.1923323,163.173.228.225,syn_ack
1729183242.2947195,163.173.228.225,syn_ack
1729183242.3979053,163.173.228.225,syn_ack
1729183242.4996457,163.173.228.225,syn_ack
1729183242.601767,163.173.228.225,syn_ack
1729183242.7031238,163.173.228.225,syn_ack
1729183242.8068066,163.173.228.225,syn_ack
1729183242.910394,163.173.228.225,syn_ack
1729183243.0133803,163.173.228.225,syn_ack
1729183243.1153433,163.173.228.225,syn_ack
1729183243.2192054,163.173.228.225,syn_ack
1729183243.3218215,163.173.228.225,syn_ack
1729183243.4235947,163.173.228.225,syn_ack
1729183243.525739,163.173.228.225,syn_ack
1729183243.6294866,163.173.228.225,syn_ack
1729183243.73178,163.173.228.225,syn_ack
1729183243.8343031,163.173.228.225,syn_ack
1729183243.9354885,163.173.228.225,syn_ack
1729183244.0377781,163.173.228.225,syn_ack
1729183244.143281,163.173.228.225,syn_ack
1729183244.24535,163.173.228.225,syn_ack
1729183244.3478916,163.173.228.225,syn_ack
1729183244.451322,163.173.228.225,syn_ack
1729183244.5529652,163.173.228.225,syn_ack
1729183244.65614,163.173.228.225,syn_ack
1729183244.7595217,163.173.228.225,syn_ack
1729183244.8624034,163.173.228.225,syn_ack
1729183244.9649167,163.173.228.225,syn_ack
1729183245.066843,163.173.228.225,syn_ack
1729183245.1686227,163.173.228.225,syn_ack
1729183245.2721646,163.173.228.225,syn_ack
1729183245.3757138,163.173.228.225,syn_ack
1729183245.4788933,163.173.228.225,syn_ack
1729183245.581253,163.173.228.225,syn_ack
1729183245.6837265,163.173.228.225,syn_ack
1729183245.7868655,163.173.228.225,syn_ack
1729183245.888923,163.173.228.225,syn_ack
1729183245.9916403,163.173.228.225,syn_ack
1729183246.0952954,163.173.228.225,syn_ack
1729183246.1975744,163.173.228.225,syn_ack
1729183246.2996264,163.173.228.225,syn_ack
1729183246.4029558,163.173.228.225,syn_ack
1729183246.5047512,163.173.228.225,syn_ack
1729183246.607822,163.173.228.225,syn_ack
1729183246.710766,163.173.228.225,syn_ack
1729183246.8126323,163.173.228.225,syn_ack
1729183246.9151542,163.173.228.225,syn_ack
1729183247.0184777,163.173.228.225,syn_ack
1729183247.120957,163.173.228.225,syn_ack
1729183247.2237332,163.173.228.225,syn_ack
1729183247.3275702,163.173.228.225,syn_ack
1729183247.4304035,163.173.228.225,syn_ack
1729183247.532905,163.173.228.225,syn_ack
1729183247.6354864,163.173.228.225,syn_ack
1729183247.738794,163.173.228.225,syn_ack
1729183247.841056,163.173.228.225,syn_ack
1729183247.9470167,163.173.228.225,syn_ack
1729183248.0487084,163.173.228.225,syn_ack
1729183248.1514428,163.173.228.225,syn_ack
1729183248.254035,163.173.228.225,syn_ack
1729183248.357211,163.173.228.225,syn_ack
1729183248.4596884,163.173.228.225,syn_ack
1729183248.5629165,163.173.228.225,syn_ack
1729183248.6655622,163.173.228.225,syn_ack
1729183248.768528,163.173.228.225,syn_ack
1729183248.8705351,163.173.228.225,syn_ack
1729183248.976691,163.173.228.225,syn_ack
1729183249.0788577,163.173.228.225,syn_ack
1729183249.181289,163.173.228.225,syn_ack
1729183249.2834008,163.173.228.225,syn_ack
1729183249.387397,163.173.228.225,syn_ack
1729183249.4901664,163.173.228.225,syn_ack
1729183249.592458,163.173.228.225,syn_ack
1729183249.69443,163.173.228.225,syn_ack
1729183249.797517,163.173.228.225,syn_ack
1729183249.8998363,163.173.228.225,syn_ack
1729183250.0016882,163.173.228.225,syn_ack
1729183250.1054883,163.173.228.225,syn_ack
1729183250.2084508,163.173.228.225,syn_ack
1729183250.3098624,163.173.228.225,syn_ack
1729183250.4127443,163.173.228.225,syn_ack
1729183250.5142684,163.173.228.225,syn_ack
1729183250.6179442,163.173.228.225,syn_ack
1729183250.720536,163.173.228.225,syn_ack
1729183250.822999,163.173.228.225,syn_ack
1729183250.9250927,163.173.228.225,syn_ack
1729183251.0290914,163.173.228.225,syn_ack
1729183251.1311965,163.173.228.225,syn_ack
1729183251.2347167,163.173.228.225,syn_ack
1729183251.3376682,163.173.228.225,syn_ack
1729183251.440836,163.173.228.225,syn_ack
1729183251.544223,163.173.228.225,syn_ack
1729183251.6474824,163.173.228.225,syn_ack
1729183251.7497177,163.173.228.225,syn_ack
1729183251.8526313,163.173.228.225,syn_ack
1729183251.954079,163.173.228.225,syn_ack
1729183252.0583236,163.173.228.225,syn_ack
1729183252.1609743,163.173.228.225,syn_ack
1729183252.2637298,163.173.228.225,syn_ack
1729183252.3660347,163.173.228.225,syn_ack
1729183252.468463,163.173.228.225,syn_ack
1729183252.5705945,163.173.228.225,syn_ack
1729183252.67439,163.173.228.225,syn_ack
1729183252.7772586,163.173.228.225,syn_ack
1729183252.8804147,163.173.228.225,syn_ack
1729183252.9856446,163.173.228.225,syn_ack
1729183253.0897083,163.173.228.225,syn_ack
1729183253.1920714,163.173.228.225,syn_ack
1729183253.2950337,163.173.228.225,syn_ack
1729183253.3987818,163.173.228.225,syn_ack
1729183253.5006418,163.173.228.225,syn_ack
1729183253.6044993,163.173.228.225,syn_ack
1729183253.7086306,163.173.228.225,syn_ack
1729183253.8148472,163.173.228.225,syn_ack
1729183253.917522,163.173.228.225,syn_ack
1729183254.0191796,163.173.228.225,syn_ack
1729183254.124045,163.173.228.225,syn_ack
1729183254.2273262,163.173.228.225,syn_ack
1729183254.3383222,163.173.228.225,syn_ack
1729183254.442122,163.173.228.225,syn_ack
1729183254.5443165,163.173.228.225,syn_ack
1729183254.6497347,163.173.228.225,syn_ack
1729183254.7516344,163.173.228.225,syn_ack
1729183254.855043,163.173.228.225,syn_ack
1729183254.9574347,163.173.228.225,syn_ack
1729183255.061804,163.173.228.225,syn_ack
1729183255.1687977,163.173.228.225,syn_ack
1729183255.2715151,163.173.228.225,syn_ack
1729183255.3741455,163.173.228.225,syn_ack
1729183255.4772222,163.173.228.225,syn_ack
1729183255.5800745,163.173.228.225,syn_ack
1729183255.682779,163.173.228.225,syn_ack
1729183255.7848654,163.173.228.225,syn_ack
1729183255.8885303,163.173.228.225,syn_ack
1729183255.9917853,163.173.228.225,syn_ack
1729183256.0945122,163.173.228.225,syn_ack
1729183256.1982605,163.173.228.225,syn_ack
1729183256.3010292,163.173.228.225,syn_ack
1729183256.4039423,163.173.228.225,syn_ack
1729183256.5064528,163.173.228.225,syn_ack
1729183256.6097295,163.173.228.225,syn_ack
1729183256.712356,163.173.228.225,syn_ack
1729183256.813882,163.173.228.225,syn_ack
1729183256.9172404,163.173.228.225,syn_ack
1729183257.019079,163.173.228.225,syn_ack
1729183257.1212223,163.173.228.225,syn_ack
1729183257.2250042,163.173.228.225,syn_ack
1729183257.327458,163.173.228.225,syn_ack
1729183257.4299424,163.173.228.225,syn_ack
1729183257.5329738,163.173.228.225,syn_ack
1729183257.6351454,163.173.228.225,syn_ack
1729183257.7383666,163.173.228.225,syn_ack
1729183257.8430421,163.173.228.225,syn_ack
1729183257.9472983,163.173.228.225,syn_ack
1729183258.050793,163.173.228.225,syn_ack
1729183258.1521995,163.173.228.225,syn_ack
1729183258.2553992,163.173.228.225,syn_ack
1729183258.3585744,163.173.228.225,syn_ack
1729183258.463032,163.173.228.225,syn_ack
1729183258.566197,163.173.228.225,syn_ack
1729183258.6683736,163.173.228.225,syn_ack
1729183258.770495,163.173.228.225,syn_ack
1729183258.8730018,163.173.228.225,syn_ack
1729183258.9762485,163.173.228.225,syn_ack
1729183259.0796163,163.173.228.225,syn_ack
1729183259.1815593,163.173.228.225,syn_ack
1729183259.284357,163.173.228.225,syn_ack
1729183259.3865285,163.173.228.225,syn_ack
1729183259.488331,163.173.228.225,syn_ack
1729183259.5929472,163.173.228.225,syn_ack
1729183259.6949716,163.173.228.225,syn_ack
1729183259.7982495,163.173.228.225,syn_ack
1729183259.9008725,163.173.228.225,syn_ack
1729183260.0020983,163.173.228.225,syn_ack
1729183260.1061099,163.173.228.225,syn_ack
1729183260.2092652,163.173.228.225,syn_ack
1729183260.3118992,163.173.228.225,syn_ack
1729183260.4139113,163.173.228.225,syn_ack
1729183260.5163302,163.173.228.225,syn_ack
1729183260.6184077,163.173.228.225,syn_ack
1729183260.7220223,163.173.228.225,syn_ack
1729183260.8253503,163.173.228.225,syn_ack
1729183260.9294236,163.173.228.225,syn_ack
1729183261.0328467,163.173.228.225,syn_ack
1729183261.1349468,163.173.228.225,syn_ack
1729183261.239798,163.173.228.225,syn_ack
1729183261.343231,163.173.228.225,syn_ack
1729183261.4481664,163.173.228.225,syn_ack
1729183261.5513275,163.173.228.225,syn_ack
1729183261.6535776,163.173.228.225,syn_ack
1729183261.758213,163.173.228.225,syn_ack
1729183261.8606825,163.173.228.225,syn_ack
1729183261.963604,163.173.228.225,syn_ack
1729183262.066748,163.173.228.225,syn_ack
1729183262.1687706,163.173.228.225,syn_ack
1729183262.2731228,163.173.228.225,syn_ack
1729183262.3769226,163.173.228.225,syn_ack
1729183262.4793375,163.173.228.225,syn_ack
1729183262.5824125,163.173.228.225,syn_ack
1729183262.6845953,163.173.228.225,syn_ack
1729183262.7881618,163.173.228.225,syn_ack
1729183262.891747,163.173.228.225,syn_ack
1729183262.9948037,163.173.228.225,syn_ack
1729183263.0971777,163.173.228.225,syn_ack
1729183263.2003787,163.173.228.225,syn_ack
1729183263.303251,163.173.228.225,syn_ack
1729183263.4070234,163.173.228.225,syn_ack
1729183263.5123289,163.173.228.225,syn_ack
1729183263.6151059,163.173.228.225,syn_ack
1729183263.717725,163.173.228.225,syn_ack
1729183263.8200238,163.173.228.225,syn_ack
1729183263.9228783,163.173.228.225,syn_ack
1729183264.026958,163.173.228.225,syn_ack
1729183264.1325336,163.173.228.225,syn_ack
1729183264.2367153,163.173.228.225,syn_ack
1729183264.3406632,163.173.228.225,syn_ack
1729183264.4430873,163.173.228.225,syn_ack
1729183264.5461912,163.173.228.225,syn_ack
1729183264.6494088,163.173.228.225,syn_ack
1729183264.7525246,163.173.228.225,syn_ack
1729183264.856705,163.173.228.225,syn_ack
1729183264.9592721,163.173.228.225,syn_ack
1729183265.0616133,163.173.228.225,syn_ack
1729183265.1641335,163.173.228.225,syn_ack
1729183265.2668211,163.173.228.225,syn_ack
1729183265.368514,163.173.228.225,syn_ack
1729183265.4724967,163.173.228.225,syn_ack
1729183265.5759926,163.173.228.225,syn_ack
1729183265.6782255,163.173.228.225,syn_ack
1729183265.786188,163.173.228.225,syn_ack
1729183265.888101,163.173.228.225,syn_ack
1729183265.9912612,163.173.228.225,syn_ack
1729183266.0943806,163.173.228.225,syn_ack
1729183266.1972854,163.173.228.225,syn_ack
1729183266.3002682,163.173.228.225,syn_ack
1729183266.40309,163.173.228.225,syn_ack
1729183266.5069218,163.173.228.225,syn_ack
1729183266.6099977,163.173.228.225,syn_ack
1729183266.7118952,163.173.228.225,syn_ack
1729183266.8140829,163.173.228.225,syn_ack
1729183266.929547,163.173.228.225,syn_ack
1729183267.0417042,163.173.228.225,syn_ack
1729183267.1542206,163.173.228.225,syn_ack
1729183267.258148,163.173.228.225,syn_ack
1729183267.3607414,163.173.228.225,syn_ack
1729183267.4645562,163.173.228.225,syn_ack
1729183267.567582,163.173.228.225,syn_ack
1729183267.6695035,163.173.228.225,syn_ack
1729183267.7723002,163.173.228.225,syn_ack
1729183267.874773,163.173.228.225,syn_ack
1729183267.9780304,163.173.228.225,syn_ack
1729183268.080973,163.173.228.225,syn_ack
1729183268.1844997,163.173.228.225,syn_ack
1729183268.2883437,163.173.228.225,syn_ack
1729183268.3921723,163.173.228.225,syn_ack
1729183268.4945328,163.173.228.225,syn_ack
1729183268.5967677,163.173.228.225,syn_ack
1729183268.6997502,163.173.228.225,syn_ack
1729183268.802182,163.173.228.225,syn_ack
1729183268.9041991,163.173.228.225,syn_ack
1729183269.0081973,163.173.228.225,syn_ack
1729183269.1099036,163.173.228.225,syn_ack
1729183269.2123692,163.173.228.225,syn_ack
1729183269.3152497,163.173.228.225,syn_ack
1729183269.4178731,163.173.228.225,syn_ack
1729183269.519723,163.173.228.225,syn_ack
1729183269.6236126,163.173.228.225,syn_ack
1729183269.7258427,163.173.228.225,syn_ack
1729183269.828891,163.173.228.225,syn_ack
1729183269.9317553,163.173.228.225,syn_ack
1729183270.0341883,163.173.228.225,syn_ack
1729183270.1383374,163.173.228.225,syn_ack
1729183270.2413235,163.173.228.225,syn_ack
1729183270.3440015,163.173.228.225,syn_ack
1729183270.4468143,163.173.228.225,syn_ack
1729183270.5493348,163.173.228.225,syn_ack
1729183270.6512861,163.173.228.225,syn_ack
1729183270.7541435,163.173.228.225,syn_ack
1729183270.8592987,163.173.228.225,syn_ack
1729183270.9615662,163.173.228.225,syn_ack
1729183271.0641403,163.173.228.225,syn_ack
1729183271.16694,163.173.228.225,syn_ack
1729183271.2682803,163.173.228.225,syn_ack
1729183271.3719523,163.173.228.225,syn_ack
1729183271.4746764,163.173.228.225,syn_ack
1729183271.5780468,163.173.228.225,syn_ack
1729183271.680585,163.173.228.225,syn_ack
1729183271.7839594,163.173.228.225,syn_ack
1729183271.8868237,163.173.228.225,syn_ack
1729183271.9890945,163.173.228.225,syn_ack
1729183272.0926006,163.173.228.225,syn_ack
1729183272.195608,163.173.228.225,syn_ack
1729183272.309789,163.173.228.225,syn_ack
1729183272.4121583,163.173.228.225,syn_ack
1729183272.5165012,163.173.228.225,syn_ack
1729183272.6195867,163.173.228.225,syn_ack
1729183272.7228034,163.173.228.225,syn_ack
1729183272.8258667,163.173.228.225,syn_ack
1729183272.9280338,163.173.228.225,syn_ack
1729183273.0326514,163.173.228.225,syn_ack
1729183273.1362715,163.173.228.225,syn_ack
1729183273.2388241,163.173.228.225,syn_ack
1729183273.341883,163.173.228.225,syn_ack
1729183273.4435542,163.173.228.225,syn_ack
1729183273.548637,163.173.228.225,syn_ack
1729183273.6513674,163.173.228.225,syn_ack
1729183273.7532027,163.173.228.225,syn_ack
1729183273.8563228,163.173.228.225,syn_ack
1729183273.9601283,163.173.228.225,syn_ack
1729183274.0617976,163.173.228.225,syn_ack
1729183274.1644294,163.173.228.225,syn_ack
1729183274.2672307,163.173.228.225,syn_ack
1729183274.369818,163.173.228.225,syn_ack
1729183274.471765,163.173.228.225,syn_ack
1729183274.5742826,163.173.228.225,syn_ack
1729183274.7112577,163.173.228.225,syn_ack
1729183274.8462894,163.173.228.225,syn_ack
1729183274.9486756,163.173.228.225,syn_ack
1729183275.0795176,163.173.228.225,syn_ack
1729183275.216066,163.173.228.225,syn_ack
1729183275.345815,163.173.228.225,syn_ack
1729183275.4476862,163.173.228.225,syn_ack
1729183275.5504143,163.173.228.225,syn_ack
1729183275.6765075,163.173.228.225,syn_ack
1729183275.8111842,163.173.228.225,syn_ack
1729183275.913942,163.173.228.225,syn_ack
1729183276.0172105,163.173.228.225,syn_ack
1729183276.1193953,163.173.228.225,syn_ack
1729183276.2219603,163.173.228.225,syn_ack
1729183276.3265524,163.173.228.225,syn_ack
1729183276.4291565,163.173.228.225,syn_ack
1729183276.531421,163.173.228.225,syn_ack
1729183276.6333528,163.173.228.225,syn_ack
1729183276.7364674,163.173.228.225,syn_ack
1729183276.8399224,163.173.228.225,syn_ack
1729183276.9424655,163.173.228.225,syn_ack
1729183277.0462332,163.173.228.225,syn_ack
1729183277.1490347,163.173.228.225,syn_ack
1729183277.251158,163.173.228.225,syn_ack
1729183277.3534863,163.173.228.225,syn_ack
1729183277.4578059,163.173.228.225,syn_ack
1729183277.5608888,163.173.228.225,syn_ack
1729183277.6635733,163.173.228.225,syn_ack
1729183277.765926,163.173.228.225,syn_ack
1729183277.867583,163.173.228.225,syn_ack
1729183277.9712455,163.173.228.225,syn_ack
1729183278.0745006,163.173.228.225,syn_ack
1729183278.178019,163.173.228.225,syn_ack
1729183278.2800179,163.173.228.225,syn_ack
1729183278.3833625,163.173.228.225,syn_ack
1729183278.4874806,163.173.228.225,syn_ack
1729183278.5909002,163.173.228.225,syn_ack
1729183278.693262,163.173.228.225,syn_ack
1729183278.7960486,163.173.228.225,syn_ack
1729183278.8988962,163.173.228.225,syn_ack
1729183279.0014927,163.173.228.225,syn_ack
1729183279.1036923,163.173.228.225,syn_ack
1729183279.210652,163.173.228.225,syn_ack
1729183279.3143814,163.173.228.225,syn_ack
1729183279.4163802,163.173.228.225,syn_ack
1729183279.5190856,163.173.228.225,syn_ack
1729183279.6214013,163.173.228.225,syn_ack
1729183279.7238379,163.173.228.225,syn_ack
1729183279.8275068,163.173.228.225,syn_ack
1729183279.929833,163.173.228.225,syn_ack
1729183280.0329254,163.173.228.225,syn_ack
1729183280.13638,163.173.228.225,syn_ack
1729183280.2389617,163.173.228.225,syn_ack
1729183280.342779,163.173.228.225,syn_ack
1729183280.444145,163.173.228.225,syn_ack
1729183280.547566,163.173.228.225,syn_ack
1729183280.6494603,163.173.228.225,syn_ack
1729183280.7512243,163.173.228.225,syn_ack
1729183280.8544471,163.173.228.225,syn_ack
1729183280.9579666,163.173.228.225,syn_ack
1729183281.0606375,163.173.228.225,syn_ack
1729183281.1637878,163.173.228.225,syn_ack
1729183281.265459,163.173.228.225,syn_ack
1729183281.367513,163.173.228.225,syn_ack
1729183281.4712565,163.173.228.225,syn_ack
1729183281.573859,163.173.228.225,syn_ack
1729183281.6789632,163.173.228.225,syn_ack
1729183281.7821317,163.173.228.225,syn_ack
1729183281.8835936,163.173.228.225,syn_ack
1729183281.9869592,163.173.228.225,syn_ack
1729183282.090519,163.173.228.225,syn_ack
1729183282.193967,163.173.228.225,syn_ack
1729183282.296266,163.173.228.225,syn_ack
1729183282.3986056,163.173.228.225,syn_ack
1729183282.5026941,163.173.228.225,syn_ack
1729183282.6065853,163.173.228.225,syn_ack
1729183282.7114162,163.173.228.225,syn_ack
1729183282.8134332,163.173.228.225,syn_ack
1729183282.9163451,163.173.228.225,syn_ack
1729183283.01773,163.173.228.225,syn_ack
1729183283.1212626,163.173.228.225,syn_ack
1729183283.223812,163.173.228.225,syn_ack
1729183283.3273249,163.173.228.225,syn_ack
1729183283.429469,163.173.228.225,syn_ack
1729183283.5322027,163.173.228.225,syn_ack
1729183283.6350543,163.173.228.225,syn_ack
1729183283.7379234,163.173.228.225,syn_ack
1729183283.8405957,163.173.228.225,syn_ack
1729183283.9429824,163.173.228.225,syn_ack
1729183284.045885,163.173.228.225,syn_ack
1729183284.14872,163.173.228.225,syn_ack
1729183284.251195,163.173.228.225,syn_ack
1729183284.3531814,163.173.228.225,syn_ack
1729183284.4567707,163.173.228.225,syn_ack
1729183284.5604646,163.173.228.225,syn_ack
1729183284.6635919,163.173.228.225,syn_ack
1729183284.7661197,163.173.228.225,syn_ack
1729183284.867381,163.173.228.225,syn_ack
1729183284.971658,163.173.228.225,syn_ack
1729183285.0773795,163.173.228.225,syn_ack
1729183285.179891,163.173.228.225,syn_ack
1729183285.2829778,163.173.228.225,syn_ack
1729183285.38571,163.173.228.225,syn_ack
1729183285.4876919,163.173.228.225,syn_ack
1729183285.592584,163.173.228.225,syn_ack
1729183285.6960845,163.173.228.225,syn_ack
1729183285.7993467,163.173.228.225,syn_ack
1729183285.903101,163.173.228.225,syn_ack
1729183286.006999,163.173.228.225,syn_ack
1729183286.1113677,163.173.228.225,syn_ack
1729183286.214975,163.173.228.225,syn_ack
1729183286.3169029,163.173.228.225,syn_ack
1729183286.4191468,163.173.228.225,syn_ack
1729183286.5257628,163.173.228.225,syn_ack
1729183286.6279666,163.173.228.225,syn_ack
1729183286.7312036,163.173.228.225,syn_ack
1729183286.8339574,163.173.228.225,syn_ack
1729183286.9377236,163.173.228.225,syn_ack
1729183287.0417016,163.173.228.225,syn_ack
1729183287.1457717,163.173.228.225,syn_ack
1729183287.2489383,163.173.228.225,syn_ack
1729183287.3508744,163.173.228.225,syn_ack
1729183287.454066,163.173.228.225,syn_ack
1729183287.5570462,163.173.228.225,syn_ack
1729183287.659542,163.173.228.225,syn_ack
1729183287.7617452,163.173.228.225,syn_ack
1729183287.864881,163.173.228.225,syn_ack
1729183287.96797,163.173.228.225,syn_ack
1729183288.0718894,163.173.228.225,syn_ack
1729183288.1735203,163.173.228.225,syn_ack
1729183288.2770216,163.173.228.225,syn_ack
1729183288.3797061,163.173.228.225,syn_ack
1729183288.4827662,163.173.228.225,syn_ack
1729183288.585704,163.173.228.225,syn_ack
1729183288.688293,163.173.228.225,syn_ack
1729183288.791181,163.173.228.225,syn_ack
1729183288.893367,163.173.228.225,syn_ack
1729183288.9968994,163.173.228.225,syn_ack
1729183289.0994356,163.173.228.225,syn_ack
1729183289.2020328,163.173.228.225,syn_ack
1729183289.3047695,163.173.228.225,syn_ack
1729183289.4079309,163.173.228.225,syn_ack
1729183289.517088,163.173.228.225,syn_ack
1729183289.6198916,163.173.228.225,syn_ack
1729183289.722765,163.173.228.225,syn_ack
1729183289.8254967,163.173.228.225,syn_ack
1729183289.92825,163.173.228.225,syn_ack
1729183290.0312765,163.173.228.225,syn_ack
1729183290.1347835,163.173.228.225,syn_ack
1729183290.2371192,163.173.228.225,syn_ack
1729183290.3400757,163.173.228.225,syn_ack
1729183290.4457002,163.173.228.225,syn_ack
1729183290.5470765,163.173.228.225,syn_ack
1729183290.650306,163.173.228.225,syn_ack
1729183290.754662,163.173.228.225,syn_ack
1729183290.8596249,163.173.228.225,syn_ack
1729183290.9622185,163.173.228.225,syn_ack
1729183291.065542,163.173.228.225,syn_ack
1729183291.167266,163.173.228.225,syn_ack
1729183291.2717721,163.173.228.225,syn_ack
1729183291.374764,163.173.228.225,syn_ack
1729183291.4782152,163.173.228.225,syn_ack
1729183291.5795262,163.173.228.225,syn_ack
1729183291.682726,163.173.228.225,syn_ack
1729183291.7847903,163.173.228.225,syn_ack
1729183291.8863907,163.173.228.225,syn_ack
1729183291.9899647,163.173.228.225,syn_ack
1729183292.0920541,163.173.228.225,syn_ack
1729183292.193907,163.173.228.225,syn_ack
1729183292.2977223,163.173.228.225,syn_ack
1729183292.4001634,163.173.228.225,syn_ack
1729183292.5032582,163.173.228.225,syn_ack
1729183292.6071122,163.173.228.225,syn_ack
1729183292.7110162,163.173.228.225,syn_ack
1729183292.8135767,163.173.228.225,syn_ack
1729183292.9208775,163.173.228.225,syn_ack
1729183293.0245657,163.173.228.225,syn_ack
1729183293.1288667,163.173.228.225,syn_ack
1729183293.231213,163.173.228.225,syn_ack
1729183293.3333793,163.173.228.225,syn_ack
1729183293.437074,163.173.228.225,syn_ack
1729183293.540288,163.173.228.225,syn_ack
1729183293.645553,163.173.228.225,syn_ack
1729183293.747472,163.173.228.225,syn_ack
1729183293.8497791,163.173.228.225,syn_ack
1729183293.9531698,163.173.228.225,syn_ack
1729183294.0566318,163.173.228.225,syn_ack
1729183294.1591928,163.173.228.225,syn_ack
1729183294.2624826,163.173.228.225,syn_ack
1729183294.3646662,163.173.228.225,syn_ack
1729183294.4674501,163.173.228.225,syn_ack
1729183294.5696394,163.173.228.225,syn_ack
1729183294.6726308,163.173.228.225,syn_ack
1729183294.7755816,163.173.228.225,syn_ack
1729183294.8789108,163.173.228.225,syn_ack
1729183294.9814785,163.173.228.225,syn_ack
1729183295.0846574,163.173.228.225,syn_ack
1729183295.1873596,163.173.228.225,syn_ack
1729183295.2902026,163.173.228.225,syn_ack
1729183295.3928978,163.173.228.225,syn_ack
1729183295.49515,163.173.228.225,syn_ack
1729183295.598907,163.173.228.225,syn_ack
1729183295.7008047,163.173.228.225,syn_ack
1729183295.8030198,163.173.228.225,syn_ack
1729183295.9072866,163.173.228.225,syn_ack
1729183296.0088012,163.173.228.225,syn_ack
1729183296.1120977,163.173.228.225,syn_ack
1729183296.2151814,163.173.228.225,syn_ack
1729183296.3166971,163.173.228.225,syn_ack
1729183296.420335,163.173.228.225,syn_ack
1729183296.5233684,163.173.228.225,syn_ack
1729183296.6271873,163.173.228.225,syn_ack
1729183296.7300758,163.173.228.225,syn_ack
1729183296.8313751,163.173.228.225,syn_ack
1729183296.9339623,163.173.228.225,syn_ack
1729183297.037122,163.173.228.225,syn_ack
1729183297.139865,163.173.228.225,syn_ack
1729183297.2426672,163.173.228.225,syn_ack
1729183297.3444781,163.173.228.225,syn_ack
1729183297.4481597,163.173.228.225,syn_ack
1729183297.5498075,163.173.228.225,syn_ack
1729183297.6517036,163.173.228.225,syn_ack
1729183297.7551436,163.173.228.225,syn_ack
1729183297.8586376,163.173.228.225,syn_ack
1729183297.9606295,163.173.228.225,syn_ack
1729183298.0634878,163.173.228.225,syn_ack
1729183298.1662107,163.173.228.225,syn_ack
1729183298.26845,163.173.228.225,syn_ack
1729183298.3726537,163.173.228.225,syn_ack
1729183298.4753873,163.173.228.225,syn_ack
1729183298.5770307,163.173.228.225,syn_ack
1729183298.6797295,163.173.228.225,syn_ack
1729183298.7833242,163.173.228.225,syn_ack
1729183298.8862886,163.173.228.225,syn_ack
1729183298.988718,163.173.228.225,syn_ack
1729183299.091571,163.173.228.225,syn_ack
1729183299.1942997,163.173.228.225,syn_ack
1729183299.296369,163.173.228.225,syn_ack
1729183299.3987799,163.173.228.225,syn_ack
1729183299.5001862,163.173.228.225,syn_ack
1729183299.6027167,163.173.228.225,syn_ack
1729183299.7061276,163.173.228.225,syn_ack
1729183299.8089721,163.173.228.225,syn_ack
1729183299.9116893,163.173.228.225,syn_ack
1729183300.0143268,163.173.228.225,syn_ack
1729183300.116284,163.173.228.225,syn_ack
1729183300.219637,163.173.228.225,syn_ack
1729183300.3229291,163.173.228.225,syn_ack
1729183300.4253623,163.173.228.225,syn_ack
1729183300.5284603,163.173.228.225,syn_ack
1729183300.6305182,163.173.228.225,syn_ack
1729183300.7327158,163.173.228.225,syn_ack
1729183300.8355381,163.173.228.225,syn_ack
1729183300.9390538,163.173.228.225,syn_ack
1729183301.0420022,163.173.228.225,syn_ack
1729183301.1451159,163.173.228.225,syn_ack
1729183301.2466521,163.173.228.225,syn_ack
1729183301.3527493,163.173.228.225,syn_ack
1729183301.4559603,163.173.228.225,syn_ack
1729183301.5849133,163.173.228.225,syn_ack
1729183301.6880767,163.173.228.225,syn_ack
1729183301.7909615,163.173.228.225,syn_ack
1729183301.9051864,163.173.228.225,syn_ack
1729183302.0075946,163.173.228.225,syn_ack
1729183302.1210957,163.173.228.225,syn_ack
1729183302.2243323,163.173.228.225,syn_ack
1729183302.3284388,163.173.228.225,syn_ack
1729183302.4313765,163.173.228.225,syn_ack
1729183302.5349307,163.173.228.225,syn_ack
1729183302.6383824,163.173.228.225,syn_ack
1729183302.7416055,163.173.228.225,syn_ack
1729183302.8441203,163.173.228.225,syn_ack
1729183302.9764967,163.173.228.225,syn_ack
1729183303.0790544,163.173.228.225,syn_ack
1729183303.1820254,163.173.228.225,syn_ack
1729183303.2851338,163.173.228.225,syn_ack
1729183303.3878634,163.173.228.225,syn_ack
1729183303.491193,163.173.228.225,syn_ack
1729183303.5966525,163.173.228.225,syn_ack
1729183303.699916,163.173.228.225,syn_ack
1729183303.801839,163.173.228.225,syn_ack
1729183303.9057658,163.173.228.225,syn_ack
1729183304.0084312,163.173.228.225,syn_ack
1729183304.1102705,163.173.228.225,syn_ack
1729183304.213931,163.173.228.225,syn_ack
1729183304.3165183,163.173.228.225,syn_ack
1729183304.4182777,163.173.228.225,syn_ack
1729183304.5212193,163.173.228.225,syn_ack
1729183304.6239204,163.173.228.225,syn_ack
1729183304.7272017,163.173.228.225,syn_ack
1729183304.829373,163.173.228.225,syn_ack
1729183304.9328625,163.173.228.225,syn_ack
1729183305.0367877,163.173.228.225,syn_ack
1729183305.1399875,163.173.228.225,syn_ack
1729183305.2449164,163.173.228.225,syn_ack
1729183305.347571,163.173.228.225,syn_ack
1729183305.450457,163.173.228.225,syn_ack
1729183305.553756,163.173.228.225,syn_ack
1729183305.6567214,163.173.228.225,syn_ack
1729183305.7595072,163.173.228.225,syn_ack
1729183305.8626184,163.173.228.225,syn_ack
1729183305.9709883,163.173.228.225,syn_ack
1729183306.0747154,163.173.228.225,syn_ack
1729183306.176848,163.173.228.225,syn_ack
1729183306.2805665,163.173.228.225,syn_ack
1729183306.383194,163.173.228.225,syn_ack
1729183306.4857678,163.173.228.225,syn_ack
1729183306.5884392,163.173.228.225,syn_ack
1729183306.6919243,163.173.228.225,syn_ack
1729183306.793864,163.173.228.225,syn_ack
1729183306.8968284,163.173.228.225,syn_ack
1729183307.0003066,163.173.228.225,syn_ack
1729183307.104482,163.173.228.225,syn_ack
1729183307.2080207,163.173.228.225,syn_ack
1729183307.3099525,163.173.228.225,syn_ack
1729183307.412573,163.173.228.225,syn_ack
1729183307.5159025,163.173.228.225,syn_ack
1729183307.6212804,163.173.228.225,syn_ack
1729183307.737931,163.173.228.225,syn_ack
1729183307.840117,163.173.228.225,syn_ack
1729183307.943153,163.173.228.225,syn_ack
1729183308.0446422,163.173.228.225,syn_ack
1729183308.147765,163.173.228.225,syn_ack
1729183308.2492933,163.173.228.225,syn_ack
1729183308.3522692,163.173.228.225,syn_ack
1729183308.4556637,163.173.228.225,syn_ack
1729183308.5582678,163.173.228.225,syn_ack
1729183308.6606436,163.173.228.225,syn_ack
1729183308.763962,163.173.228.225,syn_ack
1729183308.8678794,163.173.228.225,syn_ack
1729183308.9739084,163.173.228.225,syn_ack
1729183309.0761216,163.173.228.225,syn_ack
1729183309.1784542,163.173.228.225,syn_ack
1729183309.2807558,163.173.228.225,syn_ack
1729183309.383599,163.173.228.225,syn_ack
1729183309.4868329,163.173.228.225,syn_ack
1729183309.590985,163.173.228.225,syn_ack
1729183309.695265,163.173.228.225,syn_ack
1729183309.7987602,163.173.228.225,syn_ack
1729183309.9030414,163.173.228.225,syn_ack
1729183310.0061526,163.173.228.225,syn_ack
1729183310.1086373,163.173.228.225,syn_ack
1729183310.2127507,163.173.228.225,syn_ack
1729183310.316091,163.173.228.225,syn_ack
1729183310.4181395,163.173.228.225,syn_ack
1729183310.5212872,163.173.228.225,syn_ack
1729183310.6245098,163.173.228.225,syn_ack
1729183310.7271717,163.173.228.225,syn_ack
1729183310.8298678,163.173.228.225,syn_ack
1729183310.9320602,163.173.228.225,syn_ack
1729183311.0357301,163.173.228.225,syn_ack
1729183311.138982,163.173.228.225,syn_ack
1729183311.24177,163.173.228.225,syn_ack
1729183311.3445165,163.173.228.225,syn_ack
1729183311.447267,163.173.228.225,syn_ack
1729183311.5497372,163.173.228.225,syn_ack
1729183311.6519644,163.173.228.225,syn_ack
1729183311.7561886,163.173.228.225,syn_ack
1729183311.8589342,163.173.228.225,syn_ack
1729183311.961844,163.173.228.225,syn_ack
1729183312.0644255,163.173.228.225,syn_ack
1729183312.1661077,163.173.228.225,syn_ack
1729183312.2699027,163.173.228.225,syn_ack
1729183312.3724327,163.173.228.225,syn_ack
1729183312.4755213,163.173.228.225,syn_ack
1729183312.5783286,163.173.228.225,syn_ack
1729183312.680581,163.173.228.225,syn_ack
1729183312.7836149,163.173.228.225,syn_ack
1729183312.8867216,163.173.228.225,syn_ack
1729183312.9894319,163.173.228.225,syn_ack
1729183313.092022,163.173.228.225,syn_ack
1729183313.1944516,163.173.228.225,syn_ack
1729183313.2975152,163.173.228.225,syn_ack
1729183313.3995628,163.173.228.225,syn_ack
1729183313.503852,163.173.228.225,syn_ack
1729183313.6063519,163.173.228.225,syn_ack
1729183313.7101302,163.173.228.225,syn_ack
1729183313.8122218,163.173.228.225,syn_ack
1729183313.9146821,163.173.228.225,syn_ack
1729183314.018362,163.173.228.225,syn_ack
1729183314.1220632,163.173.228.225,syn_ack
1729183314.2256703,163.173.228.225,syn_ack
1729183314.3280015,163.173.228.225,syn_ack
1729183314.4307702,163.173.228.225,syn_ack
1729183314.5342362,163.173.228.225,syn_ack
1729183314.6367936,163.173.228.225,syn_ack
1729183314.742214,163.173.228.225,syn_ack
1729183314.8442264,163.173.228.225,syn_ack
1729183314.9474554,163.173.228.225,syn_ack
1729183315.0496395,163.173.228.225,syn_ack
1729183315.1521266,163.173.228.225,syn_ack
1729183315.2566087,163.173.228.225,syn_ack
1729183315.3599837,163.173.228.225,syn_ack
1729183315.4646451,163.173.228.225,syn_ack
1729183315.5660653,163.173.228.225,syn_ack
1729183315.670896,163.173.228.225,syn_ack
1729183315.774524,163.173.228.225,syn_ack
1729183315.8776228,163.173.228.225,syn_ack
1729183315.98031,163.173.228.225,syn_ack
1729183316.0820715,163.173.228.225,syn_ack
1729183316.1862564,163.173.228.225,syn_ack
1729183316.2904735,163.173.228.225,syn_ack
1729183316.3942633,163.173.228.225,syn_ack
1729183316.49708,163.173.228.225,syn_ack
1729183316.5999837,163.173.228.225,syn_ack
1729183316.7019622,163.173.228.225,syn_ack
1729183316.805735,163.173.228.225,syn_ack
1729183316.9083998,163.173.228.225,syn_ack
1729183317.0132697,163.173.228.225,syn_ack
1729183332.2534826,163.173.228.225,syn_ack
1729183332.3573422,163.173.228.225,syn_ack
1729183332.4615316,163.173.228.225,syn_ack
1729183332.5638797,163.173.228.225,syn_ack
1729183332.6664732,163.173.228.225,syn_ack
1729183332.7695723,163.173.228.225,syn_ack
1729183332.8779194,163.173.228.225,syn_ack
1729183332.9813645,163.173.228.225,syn_ack
1729183333.0847747,163.173.228.225,syn_ack
1729183333.1880376,163.173.228.225,syn_ack
1729183333.2907343,163.173.228.225,syn_ack
1729183333.393354,163.173.228.225,syn_ack
1729183333.4960659,163.173.228.225,syn_ack
1729183333.5991912,163.173.228.225,syn_ack
1729183333.7024956,163.173.228.225,syn_ack
1729183333.8054214,163.173.228.225,syn_ack
1729183333.9075987,163.173.228.225,syn_ack
1729183334.0105717,163.173.228.225,syn_ack
1729183334.1127012,163.173.228.225,syn_ack
1729183334.2146645,163.173.228.225,syn_ack
1729183334.3197062,163.173.228.225,syn_ack
1729183334.4213645,163.173.228.225,syn_ack
1729183334.5247543,163.173.228.225,syn_ack
1729183334.6276386,163.173.228.225,syn_ack
1729183334.7302344,163.173.228.225,syn_ack
1729183334.8335311,163.173.228.225,syn_ack
1729183334.940092,163.173.228.225,syn_ack
1729183335.0432312,163.173.228.225,syn_ack
1729183335.1461625,163.173.228.225,syn_ack
1729183335.247728,163.173.228.225,syn_ack
1729183335.3499122,163.173.228.225,syn_ack
1729183335.453836,163.173.228.225,syn_ack
1729183335.556577,163.173.228.225,syn_ack
1729183335.6623333,163.173.228.225,syn_ack
1729183335.764581,163.173.228.225,syn_ack
1729183335.8674078,163.173.228.225,syn_ack
1729183335.970191,163.173.228.225,syn_ack
1729183336.073582,163.173.228.225,syn_ack
1729183336.1767747,163.173.228.225,syn_ack
1729183336.279153,163.173.228.225,syn_ack
1729183336.3814662,163.173.228.225,syn_ack
1729183336.4860318,163.173.228.225,syn_ack
1729183336.588054,163.173.228.225,syn_ack
1729183336.6901026,163.173.228.225,syn_ack
1729183336.793519,163.173.228.225,syn_ack
1729183336.8970103,163.173.228.225,syn_ack
1729183336.9998193,163.173.228.225,syn_ack
1729183337.103835,163.173.228.225,syn_ack
1729183337.206946,163.173.228.225,syn_ack
1729183337.3105774,163.173.228.225,syn_ack
1729183337.412483,163.173.228.225,syn_ack
1729183337.515467,163.173.228.225,syn_ack
1729183337.6186023,163.173.228.225,syn_ack
1729183337.721647,163.173.228.225,syn_ack
1729183337.8249402,163.173.228.225,syn_ack
1729183337.9266167,163.173.228.225,syn_ack
1729183338.0293672,163.173.228.225,syn_ack
1729183338.1323035,163.173.228.225,syn_ack
1729183338.234279,163.173.228.225,syn_ack
1729183338.3369992,163.173.228.225,syn_ack
1729183338.4412389,163.173.228.225,syn_ack
1729183338.5434723,163.173.228.225,syn_ack
1729183338.646597,163.173.228.225,syn_ack
1729183338.7480032,163.173.228.225,syn_ack
1729183338.8530388,163.173.228.225,syn_ack
1729183338.9559798,163.173.228.225,syn_ack
1729183339.061483,163.173.228.225,syn_ack
1729183339.1651735,163.173.228.225,syn_ack
1729183339.2674212,163.173.228.225,syn_ack
1729183339.3707838,163.173.228.225,syn_ack
1729183339.4748595,163.173.228.225,syn_ack
1729183339.5774107,163.173.228.225,syn_ack
1729183339.6793382,163.173.228.225,syn_ack
1729183339.7829807,163.173.228.225,syn_ack
1729183339.8855011,163.173.228.225,syn_ack
1729183339.9881444,163.173.228.225,syn_ack
1729183340.091227,163.173.228.225,syn_ack
1729183340.1941943,163.173.228.225,syn_ack
1729183340.2968082,163.173.228.225,syn_ack
1729183340.3979154,163.173.228.225,syn_ack
1729183340.5039089,163.173.228.225,syn_ack
1729183340.6079702,163.173.228.225,syn_ack
1729183340.7108982,163.173.228.225,syn_ack
1729183340.8133636,163.173.228.225,syn_ack
1729183340.915439,163.173.228.225,syn_ack
1729183341.017708,163.173.228.225,syn_ack
1729183341.1203249,163.173.228.225,syn_ack
1729183341.223733,163.173.228.225,syn_ack
1729183341.3266222,163.173.228.225,syn_ack
1729183341.4293253,163.173.228.225,syn_ack
1729183341.532306,163.173.228.225,syn_ack
1729183341.6354601,163.173.228.225,syn_ack
1729183341.7387302,163.173.228.225,syn_ack
1729183341.8423498,163.173.228.225,syn_ack
1729183341.944459,163.173.228.225,syn_ack
1729183342.046717,163.173.228.225,syn_ack
1729183342.1494951,163.173.228.225,syn_ack
1729183342.252286,163.173.228.225,syn_ack
1729183342.355173,163.173.228.225,syn_ack
1729183342.4576535,163.173.228.225,syn_ack
1729183342.5608764,163.173.228.225,syn_ack
1729183342.6638365,163.173.228.225,syn_ack
1729183342.7663136,163.173.228.225,syn_ack
1729183342.869076,163.173.228.225,syn_ack
1729183343.0108407,163.173.228.225,syn_ack
1729183343.112869,163.173.228.225,syn_ack
1729183343.2166102,163.173.228.225,syn_ack
1729183343.3194346,163.173.228.225,syn_ack
1729183343.4228463,163.173.228.225,syn_ack
1729183343.5264034,163.173.228.225,syn_ack
1729183343.6281407,163.173.228.225,syn_ack
1729183343.7342758,163.173.228.225,syn_ack
1729183343.839644,163.173.228.225,syn_ack
1729183343.9429696,163.173.228.225,syn_ack
1729183344.046508,163.173.228.225,syn_ack
1729183344.148091,163.173.228.225,syn_ack
1729183344.2504938,163.173.228.225,syn_ack
1729183344.3541741,163.173.228.225,syn_ack
1729183344.456534,163.173.228.225,syn_ack
1729183344.5587633,163.173.228.225,syn_ack
1729183344.6609251,163.173.228.225,syn_ack
1729183344.764274,163.173.228.225,syn_ack
1729183344.8659708,163.173.228.225,syn_ack
1729183344.972083,163.173.228.225,syn_ack
1729183345.0738728,163.173.228.225,syn_ack
1729183345.1769772,163.173.228.225,syn_ack
1729183345.2793102,163.173.228.225,syn_ack
1729183345.3820534,163.173.228.225,syn_ack
1729183345.48415,163.173.228.225,syn_ack
1729183345.5872753,163.173.228.225,syn_ack
1729183345.6900456,163.173.228.225,syn_ack
1729183345.7929404,163.173.228.225,syn_ack
1729183345.8952231,163.173.228.225,syn_ack
1729183345.9978468,163.173.228.225,syn_ack
1729183346.1006477,163.173.228.225,syn_ack
1729183346.2045925,163.173.228.225,syn_ack
1729183346.3191621,163.173.228.225,syn_ack
1729183346.420892,163.173.228.225,syn_ack
1729183346.5239766,163.173.228.225,syn_ack
1729183346.6268628,163.173.228.225,syn_ack
1729183346.729601,163.173.228.225,syn_ack
1729183346.8327837,163.173.228.225,syn_ack
1729183346.9353065,163.173.228.225,syn_ack
1729183347.038391,163.173.228.225,syn_ack
1729183347.1409044,163.173.228.225,syn_ack
1729183347.244135,163.173.228.225,syn_ack
1729183347.346215,163.173.228.225,syn_ack
1729183347.4494784,163.173.228.225,syn_ack
1729183347.5526705,163.173.228.225,syn_ack
1729183347.6555564,163.173.228.225,syn_ack
1729183347.7599835,163.173.228.225,syn_ack
1729183347.863022,163.173.228.225,syn_ack
1729183347.9657195,163.173.228.225,syn_ack
1729183348.068445,163.173.228.225,syn_ack
1729183348.1717277,163.173.228.225,syn_ack
1729183348.274026,163.173.228.225,syn_ack
1729183348.3770158,163.173.228.225,syn_ack
1729183348.4804015,163.173.228.225,syn_ack
1729183348.5825865,163.173.228.225,syn_ack
1729183348.6862698,163.173.228.225,syn_ack
1729183348.788672,163.173.228.225,syn_ack
1729183348.8906932,163.173.228.225,syn_ack
1729183348.993994,163.173.228.225,syn_ack
1729183349.096115,163.173.228.225,syn_ack
1729183349.1990492,163.173.228.225,syn_ack
1729183349.3025298,163.173.228.225,syn_ack
1729183349.4048374,163.173.228.225,syn_ack
1729183349.508731,163.173.228.225,syn_ack
1729183349.6147637,163.173.228.225,syn_ack
1729183349.7176359,163.173.228.225,syn_ack
1729183349.8236399,163.173.228.225,syn_ack
1729183349.9326367,163.173.228.225,syn_ack
1729183350.0359576,163.173.228.225,syn_ack
1729183350.138584,163.173.228.225,syn_ack
1729183350.2425647,163.173.228.225,syn_ack
1729183350.3453074,163.173.228.225,syn_ack
1729183350.4518073,163.173.228.225,syn_ack
1729183350.555629,163.173.228.225,syn_ack
1729183350.6579921,163.173.228.225,syn_ack
1729183350.7645307,163.173.228.225,syn_ack
1729183350.867965,163.173.228.225,syn_ack
1729183350.9702237,163.173.228.225,syn_ack
1729183351.0778515,163.173.228.225,syn_ack
1729183351.180345,163.173.228.225,syn_ack
1729183351.2835426,163.173.228.225,syn_ack
1729183351.3940995,163.173.228.225,syn_ack
1729183351.4967966,163.173.228.225,syn_ack
1729183351.602432,163.173.228.225,syn_ack
1729183351.70566,163.173.228.225,syn_ack
1729183351.8084583,163.173.228.225,syn_ack
1729183351.9102476,163.173.228.225,syn_ack
1729183352.012527,163.173.228.225,syn_ack
1729183352.1156378,163.173.228.225,syn_ack
1729183352.218351,163.173.228.225,syn_ack
1729183352.321756,163.173.228.225,syn_ack
1729183352.4255314,163.173.228.225,syn_ack
1729183352.5273633,163.173.228.225,syn_ack
1729183352.6299632,163.173.228.225,syn_ack
1729183352.7326286,163.173.228.225,syn_ack
1729183352.835421,163.173.228.225,syn_ack
1729183352.9384232,163.173.228.225,syn_ack
1729183353.0405977,163.173.228.225,syn_ack
1729183353.1439533,163.173.228.225,syn_ack
1729183353.2464602,163.173.228.225,syn_ack
1729183353.3492005,163.173.228.225,syn_ack
1729183353.4527006,163.173.228.225,syn_ack
1729183353.5587802,163.173.228.225,syn_ack
1729183353.6606498,163.173.228.225,syn_ack
1729183353.7638857,163.173.228.225,syn_ack
1729183353.8719087,163.173.228.225,syn_ack
1729183353.975537,163.173.228.225,syn_ack
1729183354.0785127,163.173.228.225,syn_ack
1729183354.1805646,163.173.228.225,syn_ack
1729183354.283895,163.173.228.225,syn_ack
1729183354.3863,163.173.228.225,syn_ack
1729183354.489129,163.173.228.225,syn_ack
1729183354.5903795,163.173.228.225,syn_ack
1729183354.6947463,163.173.228.225,syn_ack
1729183354.7967703,163.173.228.225,syn_ack
1729183354.900356,163.173.228.225,syn_ack
1729183355.0043216,163.173.228.225,syn_ack
1729183355.1061573,163.173.228.225,syn_ack
1729183355.2323189,163.173.228.225,syn_ack
1729183355.338601,163.173.228.225,syn_ack
1729183355.4416888,163.173.228.225,syn_ack
1729183421.5413852,88.125.167.199,syn_ack
1729183421.6454132,88.125.167.199,syn_ack
1729183421.7492654,88.125.167.199,syn_ack
1729183421.8514714,88.125.167.199,syn_ack
1729183421.9544559,88.125.167.199,syn_ack
1729183422.0571692,88.125.167.199,syn_ack
1729183422.1589582,88.125.167.199,syn_ack
1729183422.262463,88.125.167.199,syn_ack
1729183422.3648646,88.125.167.199,syn_ack
1729183422.4674363,88.125.167.199,syn_ack
1729183422.5693614,88.125.167.199,syn_ack
1729183422.6709876,88.125.167.199,syn_ack
1729183422.7746165,88.125.167.199,syn_ack
1729183422.8780713,88.125.167.199,syn_ack
1729183422.9810414,88.125.167.199,syn_ack
1729183423.08364,88.125.167.199,syn_ack
1729183423.1861067,88.125.167.199,syn_ack
1729183423.2890732,88.125.167.199,syn_ack
1729183423.3922043,88.125.167.199,syn_ack
1729183423.4951372,88.125.167.199,syn_ack
1729183423.5986712,88.125.167.199,syn_ack
1729183423.7012963,88.125.167.199,syn_ack
1729183423.80318,88.125.167.199,syn_ack
1729183423.9055583,88.125.167.199,syn_ack
1729183424.0079923,88.125.167.199,syn_ack
1729183424.1103454,88.125.167.199,syn_ack
1729183424.2135153,88.125.167.199,syn_ack
1729183424.3170974,88.125.167.199,syn_ack
1729183424.4292092,88.125.167.199,syn_ack
1729183424.5326862,88.125.167.199,syn_ack
1729183424.6352863,88.125.167.199,syn_ack
1729183424.7369206,88.125.167.199,syn_ack
1729183424.8411293,88.125.167.199,syn_ack
1729183424.9434536,88.125.167.199,syn_ack
1729183425.0471406,88.125.167.199,syn_ack
1729183425.148814,88.125.167.199,syn_ack
1729183425.2523105,88.125.167.199,syn_ack
1729183425.3537915,88.125.167.199,syn_ack
1729183425.455356,88.125.167.199,syn_ack
1729183425.5588708,88.125.167.199,syn_ack
1729183425.6619377,88.125.167.199,syn_ack
1729183425.7648828,88.125.167.199,syn_ack
1729183425.8663979,88.125.167.199,syn_ack
1729183425.9698703,88.125.167.199,syn_ack
1729183426.0734692,88.125.167.199,syn_ack
1729183426.1810381,88.125.167.199,syn_ack
1729183426.2843351,88.125.167.199,syn_ack
1729183426.3864021,88.125.167.199,syn_ack
1729183426.4891093,88.125.167.199,syn_ack
1729183426.5922084,88.125.167.199,syn_ack
1729183426.6941013,88.125.167.199,syn_ack
1729183426.7970622,88.125.167.199,syn_ack
1729183426.9001188,88.125.167.199,syn_ack
1729183427.0025873,88.125.167.199,syn_ack
1729183427.104948,88.125.167.199,syn_ack
1729183427.2087727,88.125.167.199,syn_ack
1729183427.311445,88.125.167.199,syn_ack
1729183427.4142523,88.125.167.199,syn_ack
1729183427.516478,88.125.167.199,syn_ack
1729183427.6191509,88.125.167.199,syn_ack
1729183427.721641,88.125.167.199,syn_ack
1729183427.8261204,88.125.167.199,syn_ack
1729183427.9290287,88.125.167.199,syn_ack
1729183428.0315936,88.125.167.199,syn_ack
1729183428.1347394,88.125.167.199,syn_ack
1729183428.2372053,88.125.167.199,syn_ack
1729183428.3399882,88.125.167.199,syn_ack
1729183428.4424367,88.125.167.199,syn_ack
1729183428.545245,88.125.167.199,syn_ack
1729183428.646572,88.125.167.199,syn_ack
1729183428.7503495,88.125.167.199,syn_ack
1729183428.8531003,88.125.167.199,syn_ack
1729183428.955265,88.125.167.199,syn_ack
1729183429.0596788,88.125.167.199,syn_ack
1729183429.1626494,88.125.167.199,syn_ack
1729183429.2654548,88.125.167.199,syn_ack
1729183429.36791,88.125.167.199,syn_ack
1729183429.4701025,88.125.167.199,syn_ack
1729183429.5723317,88.125.167.199,syn_ack
1729183429.6752222,88.125.167.199,syn_ack
1729183429.7770684,88.125.167.199,syn_ack
1729183429.8801012,88.125.167.199,syn_ack
1729183429.9903572,88.125.167.199,syn_ack
1729183430.094987,88.125.167.199,syn_ack
1729183430.1987576,88.125.167.199,syn_ack
1729183430.3011806,88.125.167.199,syn_ack
1729183430.4042757,88.125.167.199,syn_ack
1729183430.5067632,88.125.167.199,syn_ack
1729183430.611104,88.125.167.199,syn_ack
1729183430.7136104,88.125.167.199,syn_ack
1729183430.8166592,88.125.167.199,syn_ack
1729183430.919138,88.125.167.199,syn_ack
1729183431.0217216,88.125.167.199,syn_ack
1729183431.1243143,88.125.167.199,syn_ack
1729183431.2276635,88.125.167.199,syn_ack
1729183431.3329709,88.125.167.199,syn_ack
1729183431.4355652,88.125.167.199,syn_ack
1729183431.5378299,88.125.167.199,syn_ack
1729183431.6407838,88.125.167.199,syn_ack
1729183431.7437499,88.125.167.199,syn_ack
1729183431.8457367,88.125.167.199,syn_ack
1729183431.9488173,88.125.167.199,syn_ack
1729183432.0515256,88.125.167.199,syn_ack
1729183432.1534815,88.125.167.199,syn_ack
1729183432.256418,88.125.167.199,syn_ack
1729183432.3604465,88.125.167.199,syn_ack
1729183432.4633887,88.125.167.199,syn_ack
1729183432.5662277,88.125.167.199,syn_ack
1729183432.6684895,88.125.167.199,syn_ack
1729183432.7717729,88.125.167.199,syn_ack
1729183432.8798797,88.125.167.199,syn_ack
1729183432.9824371,88.125.167.199,syn_ack
1729183433.0844069,88.125.167.199,syn_ack
1729183433.186448,88.125.167.199,syn_ack
1729183433.2901027,88.125.167.199,syn_ack
1729183433.3922784,88.125.167.199,syn_ack
1729183433.4964516,88.125.167.199,syn_ack
1729183433.5985074,88.125.167.199,syn_ack
1729183433.7017984,88.125.167.199,syn_ack
1729183433.8042123,88.125.167.199,syn_ack
1729183433.9077156,88.125.167.199,syn_ack
1729183434.009871,88.125.167.199,syn_ack
1729183434.1129231,88.125.167.199,syn_ack
1729183434.2164109,88.125.167.199,syn_ack
1729183434.320048,88.125.167.199,syn_ack
1729183434.4215553,88.125.167.199,syn_ack
1729183434.524307,88.125.167.199,syn_ack
1729183434.6262634,88.125.167.199,syn_ack
1729183434.7294507,88.125.167.199,syn_ack
1729183434.832682,88.125.167.199,syn_ack
1729183434.9342039,88.125.167.199,syn_ack
1729183435.0375574,88.125.167.199,syn_ack
1729183435.140093,88.125.167.199,syn_ack
1729183435.2432067,88.125.167.199,syn_ack
1729183435.345418,88.125.167.199,syn_ack
1729183435.4487283,88.125.167.199,syn_ack
1729183435.54979,88.125.167.199,syn_ack
1729183435.6547859,88.125.167.199,syn_ack
1729183435.757892,88.125.167.199,syn_ack
1729183435.8606474,88.125.167.199,syn_ack
1729183435.9630451,88.125.167.199,syn_ack
1729183436.065798,88.125.167.199,syn_ack
1729183436.1685216,88.125.167.199,syn_ack
1729183436.2699552,88.125.167.199,syn_ack
1729183436.3730323,88.125.167.199,syn_ack
1729183436.475871,88.125.167.199,syn_ack
1729183436.5794678,88.125.167.199,syn_ack
1729183436.6830845,88.125.167.199,syn_ack
1729183436.7861629,88.125.167.199,syn_ack
1729183436.8884416,88.125.167.199,syn_ack
1729183436.9908032,88.125.167.199,syn_ack
1729183437.094521,88.125.167.199,syn_ack
1729183437.1963568,88.125.167.199,syn_ack
1729183437.299708,88.125.167.199,syn_ack
1729183437.4021604,88.125.167.199,syn_ack
1729183437.5054564,88.125.167.199,syn_ack
1729183437.607576,88.125.167.199,syn_ack
1729183437.710717,88.125.167.199,syn_ack
1729183437.8148062,88.125.167.199,syn_ack
1729183437.9174676,88.125.167.199,syn_ack
1729183438.021476,88.125.167.199,syn_ack
1729183438.1331482,88.125.167.199,syn_ack
1729183438.2356124,88.125.167.199,syn_ack
1729183438.3384566,88.125.167.199,syn_ack
1729183438.4406724,88.125.167.199,syn_ack
1729183438.5449994,88.125.167.199,syn_ack
1729183438.6472988,88.125.167.199,syn_ack
1729183438.749673,88.125.167.199,syn_ack
1729183438.8521278,88.125.167.199,syn_ack
1729183438.9550202,88.125.167.199,syn_ack
1729183439.0584152,88.125.167.199,syn_ack
1729183439.1621065,88.125.167.199,syn_ack
1729183439.2667315,88.125.167.199,syn_ack
1729183439.3692558,88.125.167.199,syn_ack
1729183439.4717462,88.125.167.199,syn_ack
1729183439.5761764,88.125.167.199,syn_ack
1729183439.680105,88.125.167.199,syn_ack
1729183439.7823105,88.125.167.199,syn_ack
1729183439.8857884,88.125.167.199,syn_ack
1729183439.9882314,88.125.167.199,syn_ack
1729183440.0914788,88.125.167.199,syn_ack
1729183440.1940463,88.125.167.199,syn_ack
1729183440.2972388,88.125.167.199,syn_ack
1729183440.3996,88.125.167.199,syn_ack
1729183440.5021186,88.125.167.199,syn_ack
1729183440.6049755,88.125.167.199,syn_ack
1729183440.7082765,88.125.167.199,syn_ack
1729183440.8136997,88.125.167.199,syn_ack
1729183440.9398253,88.125.167.199,syn_ack
1729183441.044891,88.125.167.199,syn_ack
1729183441.1498294,88.125.167.199,syn_ack
1729183441.2558875,88.125.167.199,syn_ack
1729183441.3675253,88.125.167.199,syn_ack
1729183441.470451,88.125.167.199,syn_ack
1729183441.5752702,88.125.167.199,syn_ack
1729183441.6797447,88.125.167.199,syn_ack
1729183441.7837596,88.125.167.199,syn_ack
1729183441.886229,88.125.167.199,syn_ack
1729183441.9895291,88.125.167.199,syn_ack
1729183442.094553,88.125.167.199,syn_ack
1729183442.1993594,88.125.167.199,syn_ack
1729183442.310085,88.125.167.199,syn_ack
1729183442.4144402,88.125.167.199,syn_ack
1729183442.5180175,88.125.167.199,syn_ack
1729183442.6209366,88.125.167.199,syn_ack
1729183442.724394,88.125.167.199,syn_ack
1729183442.8271365,88.125.167.199,syn_ack
1729183442.9300637,88.125.167.199,syn_ack
1729183443.0333574,88.125.167.199,syn_ack
1729183443.137172,88.125.167.199,syn_ack
1729183443.242525,88.125.167.199,syn_ack
1729183443.345846,88.125.167.199,syn_ack
1729183443.4491837,88.125.167.199,syn_ack
1729183443.5517888,88.125.167.199,syn_ack
1729183443.6539767,88.125.167.199,syn_ack
1729183443.75803,88.125.167.199,syn_ack
1729183443.86213,88.125.167.199,syn_ack
1729183443.9656203,88.125.167.199,syn_ack
1729183444.0685878,88.125.167.199,syn_ack
1729183444.17089,88.125.167.199,syn_ack
1729183444.2755876,88.125.167.199,syn_ack
1729183444.5002408,88.125.167.199,syn_ack
1729183444.6086905,88.125.167.199,syn_ack
1729183444.7141104,88.125.167.199,syn_ack
1729183444.8193212,88.125.167.199,syn_ack
1729183444.9242482,88.125.167.199,syn_ack
1729183445.0301657,88.125.167.199,syn_ack
1729183445.138075,88.125.167.199,syn_ack
1729183445.2432778,88.125.167.199,syn_ack
1729183445.3473349,88.125.167.199,syn_ack
1729183445.451153,88.125.167.199,syn_ack
1729183445.5581717,88.125.167.199,syn_ack
1729183445.6680071,88.125.167.199,syn_ack
1729183445.7735064,88.125.167.199,syn_ack
1729183445.8779266,88.125.167.199,syn_ack
1729183445.9816296,88.125.167.199,syn_ack
1729183446.0845487,88.125.167.199,syn_ack
1729183446.3500078,88.125.167.199,syn_ack
1729183446.4724565,88.125.167.199,syn_ack
1729183446.5781977,88.125.167.199,syn_ack
1729183446.6814222,88.125.167.199,syn_ack
1729183446.7847948,88.125.167.199,syn_ack
1729183446.887718,88.125.167.199,syn_ack
1729183446.991686,88.125.167.199,syn_ack
1729183447.0953496,88.125.167.199,syn_ack
1729183447.1993592,88.125.167.199,syn_ack
1729183447.3048723,88.125.167.199,syn_ack
1729183447.4077024,88.125.167.199,syn_ack
1729183447.5119026,88.125.167.199,syn_ack
1729183447.615491,88.125.167.199,syn_ack
1729183447.7210834,88.125.167.199,syn_ack
1729183447.8255825,88.125.167.199,syn_ack
1729183447.9922373,88.125.167.199,syn_ack
1729183448.1300852,88.125.167.199,syn_ack
1729183448.2696092,88.125.167.199,syn_ack
1729183448.393513,88.125.167.199,syn_ack
1729183448.5155234,88.125.167.199,syn_ack
1729183448.6249197,88.125.167.199,syn_ack
1729183448.7339191,88.125.167.199,syn_ack
1729183448.840972,88.125.167.199,syn_ack
1729183448.944707,88.125.167.199,syn_ack
1729183449.0483665,88.125.167.199,syn_ack
1729183449.1580043,88.125.167.199,syn_ack
1729183449.2617407,88.125.167.199,syn_ack
1729183449.3685164,88.125.167.199,syn_ack
1729183449.4794369,88.125.167.199,syn_ack
1729183449.5841875,88.125.167.199,syn_ack
1729183449.6912973,88.125.167.199,syn_ack
1729183449.7950604,88.125.167.199,syn_ack
1729183449.925722,88.125.167.199,syn_ack
1729183450.035419,88.125.167.199,syn_ack
1729183450.1479595,88.125.167.199,syn_ack
1729183450.2605393,88.125.167.199,syn_ack
1729183450.3668303,88.125.167.199,syn_ack
1729183450.4784005,88.125.167.199,syn_ack
1729183450.5875351,88.125.167.199,syn_ack
1729183450.7077734,88.125.167.199,syn_ack
1729183450.8182242,88.125.167.199,syn_ack
1729183450.9255855,88.125.167.199,syn_ack
1729183451.0482647,88.125.167.199,syn_ack
1729183451.1728745,88.125.167.199,syn_ack
1729183451.3114362,88.125.167.199,syn_ack
1729183451.4393144,88.125.167.199,syn_ack
1729183451.5450263,88.125.167.199,syn_ack
1729183451.6486616,88.125.167.199,syn_ack
1729183451.7575858,88.125.167.199,syn_ack
1729183451.861447,88.125.167.199,syn_ack
1729183451.9659226,88.125.167.199,syn_ack
1729183452.0754015,88.125.167.199,syn_ack
1729183452.1941323,88.125.167.199,syn_ack
1729183452.3008943,88.125.167.199,syn_ack
1729183452.407547,88.125.167.199,syn_ack
1729183452.5103161,88.125.167.199,syn_ack
1729183452.6178007,88.125.167.199,syn_ack
1729183452.7219572,88.125.167.199,syn_ack
1729183452.8250387,88.125.167.199,syn_ack
1729183452.9288795,88.125.167.199,syn_ack
